3-D MAN,CHARLES CHANDLER & HAL CHANDLER
3-D MAN,"DELROY GARRETT, JR."
8-BALL,JEFF HAGEES
A,CLAIR MOORE
AARDWOLF,CHON LI
ABDUL ALHAZRED,ABD-EL-HAZRED
ABERRATION,RANA PHILIPS
ABIGAIL BRAND,ABIGAIL (LAST NAME UNREVEALED)
ABOMINATION,EMIL BLONSKY
ABRAXAS,ABRAXAS
ABSORBING MAN,"CARL ""CRUSHER"" CREEL"
ABYSS,NILS STYGER
ABYSS,"ALIEN, NOVA VILLAIN"
ABYSS,NILS STYGER
ACE,G.R.A.M.P.A.
ACHEBE,UNKNOWN
ACROBAT,CARL ZANTE
ACROYEAR,ACROYEAR
ADAM DESTINE,ADAM DESTINE
ADAM II,EARTH-8206
ADAM MANN,ADAM MANN
ADAPTOID,NEW ENFORCERS
ADAPTOID,ADAPTOIDS
ADMINISTRATOR,UNREVEALED
ADVERSARY, 
AEGIS,LADY OF ALL SORROWS
AEGIS,TREY JASON ROLLINS
AERO,LEI LING
AERO,MELODY GUTHRIE
AFTERSHOCK,ALLISON DILLON
AGATHA HARKNESS, 
AGED GENGHIS,UNREVEALED
AGENT,DANIEL SHOOK
AGENT MOBIUS, 
AGENT X,NIJO (FULL NAME UNREVEALED)
AGENT ZERO,CHRISTOPH NORD
AGGAMON,AGGAMON
AGUILA,ALEJANDRO MONTOYA
AGUILA,PACO MONTOYA
AHAB,"RODERICK ""RORY"" CAMPBELL"
AI APAEC,AI APAEC
AIR-WALKER,GABRIEL LAN
AIRSTRIKE,DIMITRI BUKHARIN
AJAK, 
AJAX,FRANCIS (SURNAME NAME UNREVEALED)
AJAXIS,BOB 123
AKHENATEN,AMENHOTEP IV
ALADI KO EKE,ALADI KO EKE
ALAN O'NEIL,ALAN O'NEIL
ALBERT,(ALBERT) ALBERT; (ELSIE-DEE) ELSIE-DEE
ALBINO,AUGUSTA SEGER
ALBION,PETER HUNTER
ALCHEMY,THOMAS JONES
ALDEBRON,ALDEBRON
ALETA OGORD,ALETA OGORD
ALEX WILDER, 
ALEXANDER BONT,ALEXANDER BONT
ALEXANDER LEXINGTON,ALEXANDER LEXINGTON
ALFLYSE,ALFLYSE
ALICE,ALICE (LAST NAME UNREVEALED)
ALICIA MASTERS,ALICIA REISS MASTERS
ALIOTH,ALIOTH THE USURPER
ALKHEMA,ALKHEMA
ALL-AMERICAN,GIOVANNI MAGNICONTE
ALLATOU,ALLATOU
ALPHA THE ULTIMATE MUTANT,ALPHA
ALPHONSO MACKENZIE,MACK
ALTER EGO,ALTER EGO
ALYSANDE STUART,ALYSANDE STUART
ALYSSA MOY,DR. ALYSSA MOY
BRAWN,AMADEUS CHO
AMALGAM,UNREVEALED
AMANDA,AMANDA
AMELIA VOGHT,AMELIA VOGHT
AMERGIN,AMERGIN
AMERICA,AMERICA CHAVEZ
AMERICAN EAGLE,JASON STRONGBOW
AMERICOP,BARTHOLOMEW “BART” GALLOWS
AMIKO,AMIKO (FULL NAME UNREVEALED)
AMINEDI,UNREVEALED
AMPHIBION,QNAX
AMPHIBIUS,UNREVEALED
AMUN,JON KASIYA
ANACONDA,"BLANCHE ""BLONDIE"" SITZNSKI"
ANAK,UNREVEALED
ANANASTASIA,"ANANASTASIA ""ANNA"" RINALDI"
ANARCHIST,TIKE ALICAR
ANCIENT ONE,UNREVEALED
ANDREA,ANDREAS AND ANDREA VON STRUCKER
ANDROID MAN,ANDROID MAN
ANEKA, 
ANELLE,ANELLE
ANESTHESIA,ANA (LAST NAME UNREVEALED)
ANGAR THE SCREAMER,DAVID ALAN ANGAR
ANGEL,ANGEL SALVADORE
ANGEL,WERNER
ANGEL,WARREN WORTHINGTON III
ANGEL,WARREN KENNETH WORTHINGTON III
ANGEL DUST,CHRISTINE (FULL NAME UNREVEALED)
ANGEL FACE,UNREVEALED
ANGELA,ALDRIF ODINSDOTTIR
ANITA BLAKE,ANITA KATERINE BLAKE
ANKHI,ANKHI (LAST NAME UNREVEALED)
ANNALEE,ANNALEE (FULL NAME UNREVEALED)
ANNE-MARIE CORTEZ,ANNE-MARIE CORTEZ
ANNIE GHAZIKHANIAN,ANNIE GHAZIKHANIAN
ANNIHILUS, 
ANOLE,VICTOR BORKOWSKI
ANOMALY,INAPPLICABLE
ANSWER,AARON NICHOLSON
ANT-MAN,ERIC O’GRADY
ANT-MAN,SCOTT LANG
ANTHROPOMORPHO,"UNREVEALED, ANTHROPOMORPHO"
ANTI-CAP,UNREVEALED
ANTIPHON THE OVERSEER,ANTIPHON
ANUBIS,ANPU (EGYPTIAN TRANSLATION; ANUBIS IS THE GREEK TRANSLATION OF HIS NAME)
ANVIL,"JOHN ""JOHNNY"" ANVIL"
APACHE KID,ALAN KRANDAL
APACHE KID,UNREVEALED
APE,UNREVEALED
APE LARGO,KEY LARGO
APOCALYPSE,EN SABAH NUR
APOCALYPSE,EN SABAH NUR
APOCALYPSE,EN SABAH NUR
APOCALYPSE BEAST,UNREVEALED
APOLLO,PHOEBUS APOLLO
APPRAISER,UNREVEALED
AQUARIAN,WUNDARR
AQUEDUCT,PETER VAN ZANTE
AQUON,AQUON
ARABIAN KNIGHT,ABDUL QAMAR
ARACHNE,JULIA CORNWALL CARPENTER
ARAKI,ARAKI (FULL NAME UNREVEALED)
ARALUNE,BECKY RYAN
ARC,UNREVEALED
ARCADE,UNREVEALED
ARCANNA,DR. ARCANNA JONES
ARCH-E-5912,ARCH-E-5912
ARCLIGHT,PHILIPPA SONTAG
ARCTURUS RANN,ARCTURUS RANN
ARES,ARES
ARIA,ARIA
ARIDES,ARIDES
ARISHEM,ARISHEM THE JUDGE
ARIZE,ARIZE
ARMADILLO,ANTONIO RODRIGUEZ
ARMAGEDDON,ARM'CHEDON
ARMOR,HISAKO ICHIKI
ARMORER,UNREVEALED
ARNIM ZOLA,ARNIM ZOLA
ARRANGER,OSWALD P. SILKWORTH
ARSENAL,UNREVEALED
ARTIE MADDICKS,"ARTHUR ""ARTIE"" MADDICKS"
ARTUME,ARTUME
ASBESTOS LADY,VICTORIA MURDOCK
ASBESTOS MAN,PROFESSOR ORSON KASLOFF
ASGARDIANS, 
ASHCAN,ALEXANDER WOOLCOT
ASMODEUS,ASMODEUS
ASP,"CLEOPATRA ""CLEO"" NEFERTITI"
ASSASSIN,INAPPLICABLE
ASTEROTH,ASTEROTH
ASTRA,UNREVEALED
ASTRONOMER,UNKNOWN
ASYLUM,HENRIQUE MANUEL GALLANTE
ATALON,UNKNOWN
ATLAS,ERIK STEPHAN JOSTEN
ATLAS,STEVE RAND
ATLEZ,ATLEZ
ATLEZA,ATLEZA LANGUNN
ATOM-SMASHER,MICHAEL ENGLISH
ATOM-SMASHER,RONALD ENGLISH
ATT-LASS, 
ATTUMA,ATTUMA
ATUM,ATUM
AUGUSTUS BEEZER,AUGUSTUS BEEZER
AUNT MAY,MAY REILLY PARKER
AURAN, 
AURORA,JEANNE-MARIE BEAUBIER
AUTHORITY,TITO MENDEZ
AVALANCHE,LANCE ALVERS
AVARRISH,AVARRISH
AVOE,AVOE
AWESOME ANDY,AWESOME ANDROID
AXEMAN BONE,UNREVEALED
AXON,ERIN CICERO
AXUM,"DANIEL ""DANNY"" BROUGHTON; LEGALLY CHANGED TO DANIEL AXUM"
AYO, 
AZAZEL,AZAZEL
BA'AL,BA'AL-HADAD
BA'AL,BA'AL HADAD
BAKUTO, 
BALDER,BALDER
BALKAA,BALKAA
BAMBI MODICA,"BARBARA ""BAMBI"" MODICA"
BAN-LUCK,UNREVEALED (PRESUMABLY BAN-LUCK)
BANG,UNREVEALED
BANSHEE,SEAN CASSIDY
BANTAM,BANTAM
BARBARUS,UNREVEALED
BARNACLE,MORTIMER EVERETT
BARON BLOOD,LORD JOHN FALSWORTH
BARON HEINRICH ZEMO,BARON HEINRICH ZEMO
BARON MORDO,KARL AMADEUS MORDO
BARON STRUCKER,WOLFGANG VON STRUCKER; BARON STRUCKER
BARON VON BLITZSCHLAG,WERNHER VON BLITZSCHLAG
BARON ZEBEK,ZEBEK
BARON ZEMO,BARON HEINRICH ZEMO
ZEMO, 
BARONESS,HEIKE ZEMO
BARONESS BLOOD,CROMWELL (FIRST NAME UNREVEALED)
BARONESS S'BAK,S'BAK
BASHER,UNREVEALED
BASILISK,BASIL ELKS
BASILISK,BASIL ELKS (CLONE)
BASTION,INAPPLICABLE
BATCH-13,BATCH-13
BATTERING RAM,UNREVEALED
BATTLESTAR,LEMAR HOSKINS
BATWING,JAMES SANTINI
BEAK,BARNELL BOHUSK
BEAST,HENRY MCCOY
BEAST,"HENRY ""HANK"" P. MCCOY"
BEAST,"HENRY ""HANK"" MCCOY"
BEAUTIFUL DREAMER, 
BEDLAM,JESSE AARONSON
BEEF,BUFORD WILSON
BEETLE,JOAQUIM (LAST NAME UNREVEALED)
BEETLE,LEILA DAVIS
BEETLE,UNREVEALED
BEETLE,UNREVEALED
BELASCO,BELASCO (FULL NAME UNREVEALED)
BELLA,UNREVEALED
BELLA DONNA BOUDREAUX,BELLA DONNA BOUDREAUX
BELLONA,ERIS
BEN PARKER,"BENJAMIN ""BEN"" PARKER"
BEN PARKER,BEN PARKER (CLONE)
BEN PARKER,"BENJAMIN ""BEN"" PARKER"
BEN URICH,BEN URICH
BEN URICH,BEN URICH
BENGAL,DUC NO TRANH
BENJAMIN RABIN,DR. BENJAMIN RABIN
BENNETT BRANT,BENNETT BRANT
BERZERKER,UNREVEALED
BETA RAY BILL,BILL; LEGALLY CHANGED TO BETA RAY BILL
BETSY BRADDOCK,COLONEL BETSY BRADDOCK
BETTY BRANT,BETTY BRANT
BETTY ROSS,BETTY ROSS
BETTY SWANSON,BETTY SWANSON
BEVATRON,FABIAN MARECHAL-JULBIN
BEVERLY SWITZLER,BEVERLY SWITZLER
BIG BERTHA,ASHLEY CRAWFORD
BIG MOTHER,UNKNOWN
BIG WHEEL,AXEL WEELE; LEGALLY CHANGED TO JACKSON WEELE
BIG ZERO,AMITY HUNTER
BIGGIE BENSON,BENSON
BIRD-MAN,"HAWK, HENRY"
BIRD-MAN,HENRY HAWK (CLONE)
BISHOP,LUCAS BISHOP
BISHOP,LUCAS BISHOP
BISON,WILLIAM KITSON
BITTER FROST,BETTY FOREST
BLACK ABBOTT,UNKNOWN
BLACK BOLT,BLACKAGAR BOLTAGON
BLACK BOLT,UNREVEALED
BLACK BOX,GARABED BASHUR
BLACK CAT,FELICIA HARDY
BLACK CAT,FELICIA HARDY
CULL OBSIDIAN, 
BLACK JACK TARR,JACK TARR
BLACK KNIGHT,DANE WHITMAN
BLACK KNIGHT,NATHAN GARRETT
BLACK KNIGHT,SIR PERCY OF SCANDIA
BLACK LIGHT,UNREVEALED
BLACK MAMBA,TANYA SEALY
BLACK MARIAH,MARIAH DILLARD
BLACK PANTHER,K'SHAMBA
BLACK PANTHER,T'CHALLA
BLACK PANTHER,T'CHALLA
BLACK QUEEN,EMMA STEED
BLACK RAAZER,UNREVEALED
BLACK ROSE,ROXANNE SIMPSON BLAZE
BLACK SWAN,UNREVEALED
BLACK TARANTULA,CARLOS LAMUERTO
BLACK TOM,THOMAS “TOM” SAMUEL EAMON CASSIDY
BLACK WIDOW,NATASHA
BLACK WIDOW,NATASHA ROMANOFF
BLACK WIDOW,NATALIA ROMANOVA
YELENA, 
BLACKCLOAK,UNREVEALED
BLACKHAND,UNREVEALED
BLACKHEART,BLACKHEART
BLACKJACK O'HARE,BLACKJACK O'HARE
BLACKLASH,UNREVEALED
BLACKOUT,UNREVEALED
BLACKOUT,MARCUS DANIELS
BLACKTHORN,UNREVEALED
BLACKWING,UNREVEALED
BLADE,ERIC BROOKS
BLAKE TOWER,JAMAL CAVIL
BLANK,UNREVEALED
BLAQUESMITH,UNREVEALED
BLASTAAR,BLASTAAR
BLAZING SKULL,MARK ANTHONY TODD
BLIMP,UNREVEALED
BLIND AL,ALTHEA (LAST NAME UNREVEALED)
BLIND JUSTICE,UNREVEALED
BLINDSPOT,UNREVEALED
BLINK,CLARICE FERGUSON
BLINK,CLARICE FERGUSON
BLISS,UNKNOWN
BLISTIK,VICTOR LILLIAN
BLITZIANA,UNREVEALED
BLITZKRIEGER,FRANZ MITTELSTAEDT
BLIZZARD,DONALD “DONNIE” GILL
BLOB,"FREDERICK ""FRED"" J. DUKES"
BLOB, 
BLOCKADE,UNREVEALED
BLOCKBUSTER,BART DIETZEL
BLOCKBUSTER,MICHAEL BAER
BLOKE,"MICHAEL ""MICKEY"" TORK"
BLOOD BROTHERS,UNREVEALED
BLOOD SHADOW,UNREVEALED
BLOOD SPIDER,MICHAEL BINGHAM
BLOODAXE,JACKIE LUKUS
BLOODHAWK,LEMUEL KRUG
BLOODLUST,BEATTA DUBIEL
BLOODSCREAM,UNREVEALED
BLOODSHED,WYNDELL DICHINSON
BLOODWRAITH,SEAN DOLAN
BLOW-HARD,UNREVEALED
BLUE DIAMOND,ELTON T. MORROW
BLUE MARVEL,ADAM BRASHEAR
BLUE SHIELD,"JOSEPH ""JOEY"" CARTELLI"
BLUE STREAK,DON THOMAS
BLUE STREAK,JONATHAN SWIFT
BLUEBIRD,SALLY AVRIL
BOAR,UNREVEALED
BOB,BOB
BOGEYMAN,DOUGLAS M. CARMODY
BOLIVAR TRASK,DR. BOLIVAR TRASK
BONEBREAKER,UNREVEALED
BONEHEAD,UNREVEALED
BONNIE,BONNIE (LAST NAME UNKNOWN)
BOOKIE,"JOHN ""JOHNNY"" LADUE"
BOOKWORM,NELSON GRUBER
BOOM,UNREVEALED
BOOM-BOOM,TABITHA SMITH
BOOMERANG,FRED MYERS
BOOMSLANG,UNREVEALED
BOR,BOR
BORGIA,BORGIA
BORIS,BORIS
BOUNTY,UNREVEALED
BOVA,BOVA AYRSHIRE
BOX,ROGER BOCHS
BRAHL,BRAHL
BRENT JACKSON,BRENT MONTGOMERY JACKSON
BRIAN BANNER,DR. BRIAN BANNER
BRIDE OF NINE SPIDERS,UNREVEALED
BRIDE OF NINE SPIDERS,UNREVEALED
BRIGHTSTORM,UNREVEALED
BRIO,UNREVEALED
BROKEN BLADE,UNREVEALED
BRON-CHAR, 
BROTHERS GRIMM,PERCY AND BARTON GRIMES
BROTHERS GRIMM,NATHAN DOLLY
BRUTACUS,UNREVEALED
BRYNOCKI,BRYNOCKI
BUBONICUS,"UNKNOWN, POSSIBLY BUBONICUS"
BUCKY,FRED DAVIS
BUCKY,JAMES BUCHANAN BARNES (CLONE)
BUG,UNPRONOUNCEABLE BY HUMANS
BUG-EYED VOICE,ARTHUR BIGELOW
BULL,UNREVEALED
BULL BROGIN,BROGIN
BULLDOZER,HENRY CAMP
BULLSEYE, 
BUSHMASTER,QUINCY MCIVER
BUSHWACKER,CARL BURBANK
BUSTA BLOODVESSEL,UNREVEALED
BYRRAH,BYRRAH
BYTE,BYTE
CABLE,NATHAN SUMMERS
CAFFREY,CAFFREY
CAIERA,CAIERA
CAIN MARKO,CAIN MARKO
CALAVERA,CALAVERA (UNREVEALED IF THIS IS FIRST OR LAST NAME)
CALIBAN, 
CALIBAN,UNREVEALED
CALLISTO,UNREVEALED
CALLISTO,"UNREVEALED, PRESUMED CALLISTO"
CALVIN RANKIN,CALVIN MONTGOMERY RANKIN
CAMERON HODGE,CAMERON HODGE
CAMMI,CAMMI
CANDI MUGGINS,"CANDICE ""CANDI"" MUGGINS"
CANDY SOUTHERN,"CANDACE ""CANDY"" SOUTHERN"
CANNONBALL,SAMUEL ZACHERY GUTHRIE
CAP'N OZ,WILLIAM DESTINE5
CAPTAIN AMERICA,STEVE ROGERS
CAPTAIN AMERICA,STEVE ROGERS
CAPTAIN AMERICA,STEVE ROGERS
CAPTAIN AMERICA,STEVE ROGERS
CAPTAIN AMERICA,"WILLIAM BURNSIDE (LEGALLY CHANGED IT TO ""STEVEN ROGERS"")"
CAPTAIN ATLAS,ATT-LASS
CAPTAIN AXIS,OTTO KRONSTEIG
CAPTAIN BARRACUDA,UNREVEALED
CAPTAIN BRITAIN,BRIAN BRADDOCK
CAPTAIN BRITAIN,BRIAN BRADDOCK
CAPTAIN BRITAIN,BRIAN BRADDOCK
CAPTAIN MARVEL,CAROL DANVERS
CAPTAIN MARVEL,CAROL DANVERS
CAPTAIN MARVEL,MAR-VELL
CAPTAIN MARVEL,NOH-VARR
CAPTAIN OMEN,NATHANIEL OMEN
CAPTAIN RECTITUDE,BOB JONES IV
CAPTAIN SHELLY CONKLIN,SHELLY CONKLIN
CAPTAIN U.K.,LINDA MCQUILLAN
CAPTAIN UNIVERSE,THE UNI-POWER
CARDIAC,"DR. ELIAS ""ELI"" WIRTHAM"
CAREGIVER,RUBANNA LAGENNRIS QUORMO
CARETAKER,UNREVEALED
CARETAKER,SARA (LAST NAME UNREVEALED)
CARINA WALTERS,UNREVEALED
CARJACK,UNREVEALED
CARL RIVES,"CARL ""CARNY"" RIVES"
CARLIE COOPER,CARLIE COOPER
CARLOS JAVIER,CARLOS JAVIER
CARLOS LOBO,CARLOS LOBO
CARMELLA UNUSCIONE,CARMELA UNUSCIONE
CARNAGE,CLETUS KASADY
CAROL DANVERS,CAROL DANVERS
CARRION,MALCOLM MCBRIDE
CARRION,MILES WARREN CLONE
CARRION,DR. WILLIAM ALLEN
CARTER GHAZIKHANIAN,CARTER GHAZIKHANIAN
CARTHUS,CARTHUS
CARVER,UNREVEALED
CASSANDRA NOVA,CASSANDRA XAVIER
CAT,UNREVEALED
CAT,SHEN KUEI
CAT,SHIRLEE BRYANT
CATASTROPHUS,CATASTROPHUS
CATSEYE,UNREVEALED
CECILIA REYES,CECILIA REYES
CELESTE CUCKOO,CELESTE CUCKOO
CELIA RICADONNA,CELIA RICADONNA
CELL,UNREVEALED
CENTAURION,CENTAURION
CENTENNIAL,"RUTHERFORD ""RUDY"" B. PRINCETON III"
CENTURIOUS,UNREVEALED
CENTURY,CENTURY
CEREBRA,SHAKTI HADDAD
CERISE,CERISE
CH'AK,CH'AK
CH'I-LIN,CH'I-LIN
CHAIN LIGHTNING,UNREVEALED
CHAMBER,JONOTHON “JONO” EVAN STARSMORE
CHAMBER,JONOTHON STARSMORE
CHAMELEON,DMITRI ANATOLY SMERDYAKOV KRAVINOFF
CHAMPION,UNREVEALED
CHANGELING,KEVIN SIDNEY
CHAOS,DANIEL DASH
CHAOS MITES, 
CHAOS SPRITES, 
CHARLES LENSHERR,CHARLES LENSHERR
CHARLES XAVIER,CHARLES FRANCIS XAVIER
CHARLIE WEIDERMAN,"CHARLES ""CHARLIE"" WEIDERMAN"
CHARON,CHARON
CHASE STEIN,TALKBACK
CHEETAH,ESTEBAN CARRACUS (CLONE)
CHERNOBOG,CHERNOBOG
CHERRY BLOSSOM,UNREVEALED
GOOSE,GOOSE THE CAT
CHIMERA,UNREVEALED
CHIM,UNREVEALED
CHONDU THE MYSTIC,HARVEY SCHLEMERMAN
CHROME,ALLEN MARC YURICIC
CHTHON,CHTHON
CITIZEN V,JOHN WATKINS III
CITIZEN V,JOHN WATKINS
CITIZEN V,PAULETTE BRAZEE
CLEA,CLEA
CLEAR-CUT, 
CLERIC,UNREVEALED
CLIVE RESTON, 
CLOAK,TYRONE JOHNSON
CLOAK,TYRONE JOHNSON
CLOUD,NONE
CLOUD 9,"ABIGAIL ""ABBY"" BOYLEN"
CLOWN,UNREVEALED
COACHWHIP,UNREVEALED
COAT OF ARMS,LISA MOLINARI
COBALT MAN,RALPH ROBERTS
COLDBLOOD,ERIC SAVIN
COLLAPSAR,UNREVEALED
COLLECTIVE MAN,"HAN, CHANG, LIN, SUN AND HO TAO-YU"
THE COLLECTOR,TANELEER TIVAN
COLLEEN WING, 
COLOSSUS,PIOTR RASPUTIN
COLOSSUS,PIOTR NIKOLAIEVITCH RASPUTIN
COLOSSUS,"PIOTR ""PETER"" NIKOLAIEVITCH RASPUTIN"
COMET,HARRIS MOORE
COMMANDO,FRANK BOHANNAN
COMMANDO,M-NELL
CONDOR,UNREVEALED
CONDOR,UNREVEALED
CONSTRICTOR,FRANK SCHLICHTING (FORMERLY FRANK PAYNE)
CONTEMPLATOR,TATH KI
CONTESSA,VERA VIDAL
CONTRARY,UNKNOWN
CONTROLLER,BASIL SANDHURST
COPYCAT,VANESSA GERALDINE CARLYSLE
CORONA,CARLOS ARAUJO CARVALHO
CORONER,UNREVEALED
CORRUPTOR,JACKSON DAY
CORSAIR,CHRISTOPHER SUMMERS
CORVUS GLAIVE, 
COSMO,COSMO
COSMO,UNREVEALED
COTTON MATHER,COTTON MATHER
COTTONMOUTH,CORNELL COTTONMOUTH
COUNT ABYSS,MILOS ABYSS
COUNT NEFARIA,COUNT LUCHINO NEFARIA
COURTNEY ROSS,COURTNEY ROSS
COVEN,KARL COVEN
COWBOY,STETSON (FIRST NAME UNREVEALED)
CRACKAJACK,JACKSON (FIRST NAME UNREVEALED)
CRATER,UNREVEALED
CRAZY EIGHT,LESLIE ANNE SHAPPE
CRIME-WAVE,MASON HOLLIS
CRIMSON COWL,JUSTINE HAMMER
CRIMSON CRUSADER,RORY DESTINE
CRIMSON DYNAMO,UNREVEALED
CRIMSON DYNAMO,ANTON VANKO
CRONUS, 
CROSSBONES,BROCK RUMLOW
CROSSFIRE,WILLIAM CROSS
CRU,CRU
CRUCIBLE,DR. MARIS MORLAK
CRULE,"UNREVEALED, POSSIBLY CRULE"
CRUSADER,Z'REG
CRUSADER X,BRAN BRADDOCK
CRUSHER HOGAN,JOSEPH HOGAN
CRUX,CRISTAL LEMIEUX
CRYSTAL,CRYSTALIA AMAQUELIN MAXIMOFF
CUCKOO,KAY CERA (POSSIBLY CHANGED FROM AN UNREVEALED NAME)
CY-PHYRR 4,CY-PHYRR 4
CYBELE,CYBELE
CYBER,SILAS BURR
CYBERMANCER,SUZI ENDO
CYBERMANCER,SUZI ENDO
CYCLONE,ANDRÉ GERARD
CYCLONE,PIERRE FRESSON
CYCLONE,UNREVEALED
CYCLOPS,SCOTT SUMMERS
CYCLOPS,SCOTT SUMMERS
CYCLOPS,SCOTT SUMMERS
CYLLA,CYLLA MARKHAM
CYNOSURE,LENA SENDAK
CYNOSURE,SAEN SADAK
CYPHER,DOUGLAS AARON RAMSEY
D'KAY,D'KAY
D'KEN NERAMANI,D'KEN NERAMANI
D'NARDA,D'NARDA
D'SPAYRE,INAPPLICABLE
DAGGER,TANDY BOWEN
QUAKE,DAISY JOHNSON
DAKEN,AKIHIRO
DAKOTA NORTH,DAKOTA NORTH
DALLAS RIORDAN,DALLAS RIORDAN
DAMASK,EMMA STEED
DAMBALLAH,DAN-AYIDO-HWEDO
DANGER,INAPPLICABLE
DANGOR,DANGOR (LAST NAME UNKNOWN)
DANI MOONSTAR,DANIELLE MOONSTAR
DANSEN MACABRE,UNREVEALED
DARCY LEWIS, 
DAREDEVIL,MATT MURDOCK
DAREDEVIL,"MATTHEW ""MATT"" MURDOCK"
DARGIL,DARGIL
DARK ANGEL,KATHISUL EVIN
DARK ANGEL,SHEVAUN HALDANE
DARK BEAST,"HENRY ""HANK"" MCCOY"
DARK MAN,FEAR
DARK MOTHER,FIONA KNOBLACH
DARKDEVIL,REILLY TYNE
DARKEYES,UNREVEALED
DARKHAWK,CHRISTOPHER POWELL
DARKLORE,UNREVEALED
DARKSON,JOAQUIM EDUARDO VASQUEZ
DARKSTAR,LAYNIA SERGEIEVNE PETROVNA (KRYLOVA)
DARTER,RANDY VALE
DARWIN,ARMONDO MUNOZ
DAVID BANNER,DAVID BANNER
DAWN,UNREVEALED
DAYSTAR,"UNREVEALED, POSSIBLY DAYSTAR"
DAZZLER,ALISON BLAIRE
DAZZLER,ALISON BLAIRE
DAZZLER,BURTRAM “BURT” WORTHINGTON
DAZZLER,ALISON BLAIRE
DAZZLER,KIMBERLY SCHAU
DAZZLER,"ALISON ""ALI"" BLAIRE"
DEACON,UNREVEALED
DEACON FROST,DEACON FROST
DEAD GIRL,MOONBEAM
DEAD HEAD,UNREVEALED
DEADPOOL,WADEY WILSON
DEADPOOL,WADE WILSON
DEADSPOT,UNREVEALED
DEATH,INAPPLICABLE
DEATH ADDER,ROLAND BURROUGHS
DEATH NINJA,UNKNOWN
DEATH REAPER,UNREVEALED
DEATH'S HEAD,MINION
DEATH'S HEAD,PAXTON PAGE
DEATH-SHIELD,TIMOTHY KARLSKIN
DEATH-STALKER,PHILLIP WALLACE STERLING
DEATHBIRD,CAL'SYEE NERAMANI
DEATHCRY,UNREVEALED
DEATHLOK,JACK TRUMAN
DEATHLOK,COLONEL LUTHER MANNING
DEATHSTROKE,UNKNOWN
DEATHTRAP,ALISTARE AUGUSTUS ARMSTRONG
DEATHURGE,DEATHURGE
DEATHWATCH,UNREVEALED
DEBRII,DEBORAH FIELDS
DEIMOS,DEIMOS
DELPHI,UNKNOWN
DELPHOS,UNREVEALED
DEMENTOID,RICHARD EARLE AMTOWER IV
DEMOGOBLIN,UNREVEALED
DEMOLITION MAN,DENNIS DUNPHY
DEMONSTAFF,HALLAN GORKO
DESAK,DESAK STERIXIAN
DESERT GHOST,XI'AN CHI XAN
DESTINY,IRENE ADLER
DESTINY,IRENE ADLER
DESTROYER,NONE
DESTROYER,ROGER AUBREY
DETECTIVE CURAZON,AARON CURAZON
DEVASTATOR,KIRKOV PETROVNA
DEVIANTS, 
DEVIL DINOSAUR, 
DEVIL-HUNTER GABRIEL,POSSIBLY GABRIEL ROSETTI
DEVIL-SLAYER,ERIC SIMON PAYNE
DEVOS,DEVOS
DEWOZ,DEWOZ
DEXAM,DEXAM
DIABLERI,DIABLERI
DIABLO,ESTEBAN CORAZON DE ABLO
DIABOLIQUE,DIABOLIQUE
DIAMOND LIL,LILLIAN CRAWLEY
DIAMONDBACK,RACHEL LEIGHTON
DIAMONDBACK,WILLIS STRYKER
DIEMOAS,DIEMOAS
DIGGER,RODERICK KRUPP
DIGGER,NONE
DIGITEK,JONATHAN BRYANT
DINAH SOAR,UNREVEALED
DIRT NAP,UNREVEALED
DIRTY WOLFF,UNREVEALED
DITTO,UNKNOWN
DIVINITY DRAKE,AAMSHED
DOC SAMSON,LEONARD SAMSON
DOCTOR BONG,LESTER VERDE
DOCTOR DOOM,ERIK KRISTOFER CZERNY
DOCTOR DOOM,VICTOR VAN DAMME
DOCTOR DOOM,VICTOR VON DOOM
DOCTOR DREDD,DOCTOR DREDD
DOCTOR DRUID,ANTHONY LUDGATE DRUID
DOCTOR ERIK SELVIG,ERIK SELVIG
DOCTOR EVERYTHING,UNREVEALED
DOCTOR OCTOPUS,OTTO GUNTHER OCTAVIUS
DOCTOR OCTOPUS,OTTO OCTAVIUS
DOCTOR STEPHEN STRANGE,STEPHEN VINCENT STRANGE
DOCTOR STRANGE,STEPHEN STRANGE
DOCTOR SUN,DOCTOR SUN
DOCTOR VERE,DOCTOR VERE
DOCTOR VOODOO,JERICHO DRUMM
DOG BROTHER NUMBER 1,SIHING (LAST NAME UNREVEALED)
DOGHEAD,FRANCISCO FUENTES
DOGPOOL,WILSON
DOMINEX,N/A
DOMINIC FORTUNE,DUVID JEROME T. “DAVID” FORTUNOV
DOMINO,NEENA THURMAN
DOMINO,NEENA THURMAN
DON OF THE DEAD,UNREVEALED
DONALD PIERCE,DONALD PIERCE
DONALD PIERCE,DONALD PIERCE
DOOM,VICTOR VON DOOM
DOOM,VICTOR VON DOOM
DOOMBRINGER,UNREVEALED
DOOP,DOOP (PRESUMED)
DOORMAN,DEMARR DAVIS
DOPPELGANGER,"UNREVEALED, POSSIBLY INAPPLICABLE"
DORMA,DORMA
DORMAMMU, 
DOUG RAMSEY,DOUGLAS RAMSEY
DR. HENRY,"HENRY ""HANK"" P. MCCOY"
DRACULA,VLAD TEPES DRACULA
DRAGON MAN,DRAGON MAN
DRAGON OF THE MOON,UNREVEALED
DRAGONESS,TAMARA KURTZ
DRAGONFLY,VERONICA DULTRY
DRAX, 
DREADKNIGHT,BRAM VELSING
DREAMQUEEN,UNREVEALED
DRINN,DRINN
DROM,DROM (LAST NAME UNREVEALED)
DRUFFS,DRUFFS
DRUID WALSH,WALSH (FIRST NAME UNREVEALED)
DRUIG, 
DUNCAN VESS,DUNCAN VESS
DUSK,UNREVEALED
DUSK,"CASSANDRA ""CASSIE"" ST. COMMONS"
DUSK,DUSK
DUST,SOORAYA QADIR
DWARF,UNREVEALED
DWELLER-IN-DARKNESS,"UNREVEALED, IF ANY"
EARTH LORD,KYLE BROCK
EARTHMOVER,CHARLES MOSS
EARTHQUAKE,UNREVEALED
EAST WIND,UNREVEALED
EAST WIND,HIGASHI
EAST WIND,HIGASHI
EBONY MAW, 
ECCE THE WATCHER,ECCE
ECDYSIAST,UNREVEALED
ECHO,MAYA LOPEZ
ECLIPSE,MARCOS DIAZ
EDIFICE REX,REX RANDOLPH
EDWIN JARVIS,EDWIN JARVIS
EEL,EDWARD LAVELL
EEL,LEOPOLD STRYKE
EGGHEAD,EGGHEAD
EGGHEAD,ELIHAS STARR
EGGHEAD,ELIHAS STARR (CLONE)
EGO, 
EL GATO,LUIS ANAYA
EL GUAPO,"ROBERT ""ROBBIE"" RODRIGUEZ"
EL MUERTO,JUAN-CARLOS ESTRADA SANCHEZ
EL TIGRE,JUAN MEROZ
EL TORO ROJO,UNREVEALED
ELDER DEMON,UNREVEALED
ELECTRO,"MAXWELL ""MAX"" DILLON"
ELECTRO,MAXWELL DILLON
ELECTRON,UNREVEALED
ELEKTRA,ELEKTRA NATCHIOS
ELEKTRA NATCHIOS,ELEKTRA NATCHIOS
ELEVEN,JENNI PATE
ELIXIR,"JOSHUA ""JOSH"" FOLEY"
ELLOE KAIFI,ELLOE KAIFI
ELSA BLOODSTONE,ELSA BLOODSTONE
ELYSIUS,ELYSIUS
EMMA FROST,EMMA GRACE FROST
EMMA FROST-SUMMERS,EMMA FROST-SUMMERS
EMMA STEED,EMMA STEED
EMPLATE,MARIUS ST. CROIX
EMRYS KILLEBREW,EMRYS KILLEBREW
ENCHANTRESS,AMORA
ENFORCER,MIKE NERO
ENIGMO,ENIGMO
ENMITY,ENMITY
ENRICO,ENRICO
EON,EON
EPIPHANY,"UNREVEALED, POSSIBLY EPIPHANY"
EPOCH,EPOCH
ERESHKIGAL,UNREVEALED
ERESHKIGAL,ERESHKIGAL
ERIC MOREELS,ERIC MOREELS
ERIK KILLMONGER, 
ERNST,UNREVEALED
ETERNALS, 
ETERNITY,INAPPLICABLE
EVILHAWK,DARGIN BOKK
EXCAVATOR,RICKY CALUSKY
SKURGE, 
EXODUS,BENNET DU PARIS
EYE-SCREAM,UNREVEALED
EYEBALL,UNREVEALED
EZEKIEL,EZEKIEL SIMS
FABIAN CORTEZ,FABIAN CORTEZ
FADER,UNREVEALED
FAFNIR,FAFNIR
FALKI,FALKI
FALLEN ONE,UNREVEALED
FALLEN ONE,TRYCO SLATTERUS
FANDRAL,FANDRAL
FANG,UNREVEALED
FANTASMA,UNREVEALED
FANTOMEX,CHARLIE-CLUSTER 7
FARLEY STILLWELL, 
FASAUD,SHEIKH FAROUK AL-FASAUD
FASHIMA,FASHIMA
FAT COBRA,UNREVEALED
FATHER TIME,LARRY SCOTT
FAZE,UNREVEALED
FEN,FEN
FER-DE-LANCE,TERESA VASQUEZ
FERAL,MARIA CALLASANTOS
FEROCIA,UNREVEALED
FERON,FERON
FETISH,UNREVEALED
FILIUS,FILIUS (PRESUMABLY OMEN IS HIS LAST NAME)
FIN FANG FOOM,UNREVEALED
FINESSE,JEANNE FOUCAULT
FIREBIRD,BONITA JUAREZ
FIRELORD,PYREUS KRIL
FIRELORD,PYREUS KRIL
FIREPOWER,JACK TAGGERT
FIRESTAR,ANGELICA JONES
FIREWORKS FIELSTEIN,DANIEL FIELSTEIN
FIXER,PAUL NORBERT EBERSOL
FIXER,ROSCOE SWEENY
FLAG-SMASHER,KARL MORGENTHAU
FLASH THOMPSON,EUGENE THOMPSON
FLASHFIRE,GRANNZ
FLAW,UNREVEALED
FLUX,BENJAMIN TIBBETS
FLY,RICHARD DEACON
FLYING TIGER,UNREVEALED
FOGGY NELSON,FRANKLIN P. NELSON
FOOLKILLER,GREGORY SALINGER
FORCE,CLAYTON WILSON
FORGE, 
FORGE,JONATHON SILVERCLOUD
FORGE,FORGE
FORGOTTEN ONE,UNREVEALED
FOXBAT,"UNKNOWN, POSSIBLY FOXBAT"
FRACTURE,UNREVEALED
FRAKTUR,FRAKTUR
FRANKENSTEIN'S MONSTER,NONE
FRANKLIN RICHARDS,FRANKLIN BENJAMIN RICHARDS
FRANKLIN STORM,DOCTOR FRANKLIN STORM
FREAK,UNREVEALED
FREAKSHOW,UNREVEALED
FRED PIERSON,FRED PIERSON
FREDD,FREDD
FREDERICK FOSWELL,FREDERICK FOSWELL
FREE SPIRIT,CATHERINE WEBSTER
FREEBOOTER,BRANDON CROSS
FREEDOM RING,CURTIS DOYLE
FREEZER BURN,FRANK CROFT
FRENCHIE,JEAN-PAUL DUCHAMP
FREY,FREY
FREYJA, 
FRIGGA,FRIGGA
FURY,FURY
FUSION,MARKLEY (FIRST NAME UNREVEALED)
G-TYPE,UNREVEALED
G.W. BRIDGE,GEORGE WASHINGTON BRIDGE
GAEA,UNREVEALED; GAEA IS HER GREEK NAME
GAETAR,UNREVEALED
GAH LAK TUS,"UNREVEALED, POSSIBLY INAPPLICABLE"
GAIA,GAIA
GALACTUS,GALAN
GAMBIT,REMY ETIENNE LEBEAU
GAMBIT,REMY LEBEAU
GAMBIT,REMY LEBEAU
GAMESMASTER,UNREVEALED
GAMMADROID,INAPPLICABLE
GAMORA, 
GANYMEDE,GANYMEDE
GARDENER,ORD ZYONZ
GARGANTUA,EDWARD COBERT
GARGOYLE,ISAAC CHRISTIANS
GAROKK,UNREVEALED
GARRISON KANE,"GARRISON ""GAR"" KANE"
GATEWAY,UNREVEALED
GATEWAY,UNREVEALED
GATOR,GAVIN GRANT
GAUNT,UNREVEALED
GAUNTLET,UNREVEALED POSSIBLY GAUNTLET
GAZER,UNREVEALED
GEIGER,"DELILAH ""DEE DEE"" DEERBORN"
GELDOFF,"GELDOFF, FULL NAME UNKNOWN"
GENDO SONODA,GENDO SONODA
GENERAL WOLFRAM,CLAUDE CRAMER
GENESIS,TYLER DAYSPRING
GENTLE,NEZHNO ABIDEMI
GEORGE STACY,GEORGE STACY
BATROC,GEORGES BATROC
GERTRUDE YORKES,ARSENIC
GHAUR,GHAUR
GHOST,AVA STARR
GHOST MAKER,GRIGORI SOVCHENCKO
GHOST OF SPRINGDALE HIGH,FRED CASKEY
GHOST RIDER,"DANIEL ""DAN"" KETCH"
GHOST RIDER,KENSHIRO COCHRANE
GHOST RIDER,JOHNNY BLAZE
GHOST RIDER,ROBBIE REYES
GHOST RIDER,"JOHN ""JOHNNY"" BLAZE"
GHOST-SPIDER,GWEN STACY
GHOUL,UNREVEALED
GIANT-MAN,HENRY PYM
GIDEON,GIDEON
GIDEON,UNREVEALED
GILGAMESH, 
GINNIYEH,GINNIYEH
GLADIATOR,KALLARK
GLADIATOR,MELVIN POTTER
GLAZIER,UNREVEALED
GLENN TALBOT,GLENN TALBOT
GLOB,JOSEPH TIMMS
GLOM,UNREVEALED
GLORIAN,THOMAS GIDEON
GLORY GRANT,GLORIA GRANT
GOBLYN,NO FIRST NAME LAST DEAN
GODDESS, 
GOG,UNREVEALED
GOG,UNREVEALED
GOGO TOMAGO,LEIKO TANAKA
GOLDBUG,MATHEW GILDEN
BILL FOSTER, 
GOOGAM,GOOGAM
GOOSE THE CAT, 
GORGILLA,UNREVEALED
GORGON, 
GORGON,TOMI SHISHIDO
GORILLA MAN,KENNETH HALE
GORR THE GOD BUTCHER,GORR THE GOD BUTCHER
GOSAMYR,GOSAMYR
GOVAN,GOVAN
GRACE MERCY,GRACE MERCY
GRAMPS,UNREVEALED
GRANDMASTER, 
GRASSHOPPER,DOUG TAGGERT
GRAVITON,FRANKLIN HALL
GRAVITY,GREG WILLIS
GRAY GOBLIN,"GABRIEL ""GABE"" STACY"
GRAYDON CREED,GRAYDON CREED
GREAT GAMBONNOS,ERNESTO AND LUIGI GAMBONNO
GREAT ONE,UNREVEALED
GREEN GOBLIN,NORMAN OSBORN
GREEN GOBLIN,NORMAN OSBORN
GREGORY GIDEON,GREGORY HUNGERFORD GIDEON
GREGORY STARK,GREGORY STARK
GREY,BRIAN TALBOT
GREY GARGOYLE,PAUL PIERRE DUVAL
GREYSTONE,DEVLIN GREYSTONE
GRIFFIN,ELIOT FRANKLIN
GRIM HUNTER,VLADIMIR KRAVINOFF
GRIM REAPER,ERIC WILLIAMS
GRINDHOUSE,UNREVEALED
GRIZZLY,UNREVEALED
GRIZZLY,"THEODORE ""THEO"" WINCHESTER"
GROG,GROG
GRONK,UNREVEALED
GROOT, 
GRUENHILDA,GRUENHILDA
GUARDIAN,JAMES MACDONALD HUDSON
GUARDIAN,GUARDIAN
GUNMETAL GRAY,UNREVEALED
GUSTAV HAUPTMANN,GUSTAV HAUPTMANN
GWENPOOL,GWEN POOLE
GYNOSURE,UNREVEALED
GYRE,UNREVEALED
H.E.R.B.I.E.,HUMANOID EXPERIMENTAL ROBOT B-TYPE INTEGRATED ELECTRONICS
HAAZARETH,UNREVEALED
HACK,UNREVEALED
HAG,UNREVEALED
HAMMER,"LEROY ""HAMMER"" JACKSON"
HAMMERHEAD,UNREVEALED
HANGMAN,JASON ROLAND
HANK PYM,HENRY JONATHAN PYM
HANNIBAL KING,HANNIBAL KING
HAPPY HOGAN, 
HARDBALL,UNREVEALED
HARDBALL,ROGER BROKERIDGE
HARDCASE,TOM HAWKE
HARLAN RYKER,HARLAN RYKER
HARLEQUIN HIT MAN,HERB HOLLISTER
HARLEQUIN HIT MAN,SHEILA HOLLISTER
HAROLD MEACHUM, 
HARRALD,HARRALD
HARRIER,DONALD JOSHUA CLENDENON
HARROW,HARROW
HARRY OSBORN,"HAROLD ""HARRY"" OSBORN"
HARRY PHILLIPS,HARRY PHILLIPS
HARVESTER,UNREVEALED
HATE-MONGER,ADOLF HITLER (CLONE)
HATE-MONGER,UNREVEALED
HATE-MONGER,UNREVEALED
HAVOK,"ALEXANDER ""ALEX"" SUMMERS"
HAVOK,"ALEXANDER ""ALEX"" SUMMERS"
HAWAL,UNREVEALED
HAWK GOD,UNREVEALED
HAWKEYE,CLINT BARTON
HAWKEYE,CLINTON FRANCIS BARTON
HAWKEYE,KATE BISHOP
HAWKEYE,CLINT BARTON
HAYWIRE,HAROLD DANFORTH
HAZARD,CARTER ALEXANDER RYKING
HAZMAT,JENNIFER TAKEDA
HE WHO REMAINS, 
HEAD MAN,UNREVEALED
HEADGEAR,UNREVEALED
HEADMISTRESS,MISTY (LAST NAME UNREVEALED)
HEADSMAN,CLEAVON TWAIN
HEATHER HUDSON,HEATHER HUDSON
HEIMDALL, 
HELA, 
HELIO,HELIO
HELIX,RAFAEL CARAGO
HELLCAT,PATSY WALKER
HELLCOW,BESSIE
HELLEYES,UNREVEALED
HELLFIRE,JAMES TAYLOR JAMES
HELLION,JULIAN KELLER
HELLSTORM,"DAIMON HELLSTROM, CHANGED TO HELLSTORM"
HENRIETTA HUNTER,HENRIETTA HUNTER
HENRY PETER GYRICH,HENRY PETER GYRICH
HENRY PYM,HENRY J. PYM
HEPHAESTUS,HEPHAESTUS AETNAEUS
HEPZIBAH,A COMBINATION OF ODORS UNINTELLIGIBLE TO HUMANS
HERA,HERA ARGEIA
HERCULES,HERACLES
HERMES,HERMES
HERMOD,HERMOD
HESTIA,HESTIA
HEX,DOMINIC DESTINE
HIGH EVOLUTIONARY,HERBERT EDGAR WYNDHAM
HIGH MAGISTRATE,UNREVEALED
HIGHWAYMAN,JEFFERSON HERCULES ARCHER
HINDSIGHT,CARLTON LAFROYGE
HIPPO,MRS. FLUFFY LUMPKINS
HIPPOLYTA,HIPPOLYTA (ALTERNATELY SPELLED HIPPOLYTE)
HIRO-KALA,HIRO-KALA
HIROIM,HIROIM
HIT-MONKEY, 
HOBGOBLIN,JASON PHILIP MACENDALE JR.
HOBGOBLIN,ROBIN BORNE
HOBGOBLIN,RODERICK KINGSLEY
HOBGOBLIN,UNREVEALED
HODER,HODER
HODINN,UNREVEALED
HOGUN,HOGUN
HOLLOW,UNREVEALED
HOLOCAUST,UNREVEALED
HOOD,PARKER ROBBINS
HOPE SUMMERS, 
HORDE,"HORACIO CARRENAS, ELMIRA PHILLIPS, JOE FAMIGLIA, FLOYD HENDERSON, A DOG NAMED BACON, OTHER UNIDENTIFIED INDIVIDUALS"
HORNET,EDDIE MCDONOUGH
HORUS,HORUS
HOWARD STARK, 
HOWARD THE DUCK,HOWARD (FULL NAME UNREVEALED)
HUB,UNREVEALED
HULK,BRUCE BANNER
HULK,ROBERT BRUCE BANNER
HULK,JOHN EISENHART
HULK,ROBERT BRUCE BANNER
HULK,BRUCE BANNER
HULKLING,DORREK VIII
HUMAN ROBOT,M-11
HUMAN TORCH,"JONATHAN LOWELL SPENCER ""JOHNNY"" STORM"
HUMAN TORCH,JIM HAMMOND
HUMAN TORCH,"JONATHAN ""JOHNNY"" STORM"
HUMAN TORCH,ANDROID D
HUMAN TORCH,JOHNNY STORM
HUMAN TORCH,JOHNNY STORM
HUMBUG,BUCK MITTY
HUMUS SAPIEN,SONNY BAREDO
HUNGER,"UNREVEALED, IF ANY"
HUNGER,LOXIAS CROWN
HUNTARA,TARA RICHARDS
HUNTARR,IANN-23
HUNTER B-15, 
HURRICANE,ALBERT POTTER
HURRICANE,UNREVEALED
HUSK,PAIGE ELISABETH GUTHRIE
HUSSAR,HUSSAR (PRESUMED)
HYBELEA,UNREVEALED
HYBRID,JAMES “JIMMY” MARKS
HYBRID,SCOTT WASHINGTON
HYDRO-MAN,MORRIS BENCH
HYDRON,UNREVEALED
HYPERION,MARK MILTON (HUMAN NAME)
HYPERION,UNREVEALED
HYPERION,UNREVEALED
HYPERNOVA,UNREVEALED
HYPERSTORM,JONATHON REED RICHARDS
HYPNO-HUSTLER,ANTOINE (LAST NAME UNREVEALED)
ICARUS, 
ICARUS,"JOSHUA ""JAY"" GUTHRIE"
ICEMAN,"ROBERT ""BOBBY"" LOUIS DRAKE"
ICEMAN,ROBERT LOUIS DRAKE
ICEMAN,"ROBERT ""BOBBY"" DRAKE"
ICEMASTER,UNREVEALED
IDIOT,IDIOT
IDUNN,IDUNN
IKARIS, 
IKON,UNREVEALED (POSSIBLY IKON)
ILANEY BR,ILANEY BRÜKNER
IMMORTALIS,MORTIGAN GOTH
IMMORTUS,UNREVEALED
IMP,PANDORA DESTINE
IMPACT,UNREVEALED
IMPALA,UNREVEALED
IMPOSSIBLE MAN,POPPUPIANS HAVE NO NAMES; THEY KNOW WHO THEY ARE
IN-BETWEENER,IN-BETWEENER
INDESTRUCTIBLE,THE INDESTRUCTIBLE ROBOT
INERTIA,EDITH FREIBERG
INFANT TERRIBLE,UNKNOWN
INFERNO,DANTE PERTUZ
INFINITY,INAPPLICABLE
INHERITOR,INHERITOR
INSECTICIDE,UNREVEALED
INTERFACE,UNREVEALED
INVISIBLE MAN,DARRICK GALHAGER
INVISIBLE WOMAN,SUSAN STORM
INVISIBLE WOMAN,ANDROID C
INVISIBLE WOMAN,SUSAN STORM RICHARDS
INVISIBLE WOMAN,SUSAN STORM
ION,VOLETTA TODD
IRENE MERRYWEATHER,IRENE MERRYWEATHER
IRON CROSS,BARON HELMUT ZEMO
,DANNY RAND
IRON FIST,ORSON RANDALL
IRON LAD,NATHANIEL RICHARDS
MELINA, 
IRON MAN,"ANTHONY EDWARD ""TONY"" STARK"
IRON MAN,TONY STARK
IRON MAN,"ANTONIO ""TONY"" STARK"
IRON MANIAC,"ANTHONY ""TONY"" EDWARD STARK"
IRON MONGER,OBADIAH STANE
IRONCLAD,MICHAEL STEEL
IRONHEART,RIRI WILLIAMS
ISAAC,INTEGRAL SYNAPTIC ANTI-ANIONIC COMPUTER
ISAAC STARK,TAAR(DECEASED)
ISAIAH BRADLEY,ISAIAH BRADLEY
ISBISA,DR. I.S. BISHOFF
ISIS,ISIS
ISOLATIONIST,JOSEF HUBER
IVAN,UNREVEALED
J. JONAH JAMESON,JOHN JONAH JAMESON
JACK FLAG,JACK HARRISON
JACK O'LANTERN,UNREVEALED
JACK O'LANTERN,STEVEN MARK LEVINS
JACK OF HEARTS,"PAUL WITMAN ""PAUL"" SPADE"
JACK THE RIPPER,VARIABLE
JACKAL,DR. MILES WARREN
JACKHAMMER,UNREVEALED
JACKKNIFE,JACK COLE
JACKPOT,ALANA JOBSON
JAGGED BOW,JOE EMBERLIN
JAGRFELM,JAGRFELM
JAINE CUTTER,JAINE CUTTER
JAMES-MICHAEL STARLING,JAMES-MICHAEL STARLING
JAMIE BRADDOCK,JAMES BRADDOCK JR.
JAMIE MADROX,"JAMES ""JAMIE"" MADROX"
JANE FOSTER, 
JANN THE JUNGLE GIRL,JANE HASTINGS
JARELLA,JARELLA
JARHEAD,UNREVEALED
JAVELIN,DARIN
JAZINDA,JAZINDA KL'RT-SPAWN
JEAN DEWOLFF,JEAN DEWOLFF
JEAN GREY,JEAN GREY
JEAN GREY,JEAN GREY
JEMMA SIMMONS, 
JENNIFER GR,JENNIFER GRÜNWALD
JENNIFER KALE,JENNIFER KALE
JENTORRA,JENTORRA
JERYN HOGARTH, 
JESSE AARONSON,JESSE AARONSON
JESSICA JONES, 
JESTER,JONATHAN POWERS
JIGSAW,BILLY RUSSO
JILL STACY,JILL STACY
JILLIAN,JILLIAN
JIMMY WOO,JAMES WOO
JINX,WILLIAM HASTINGS
JOANNA CARGILL,JOANNA CARGILL
FALCON,JOAQUÍN TORRES
JOCASTA,JOCASTA
JOCK JACKSON,ANDREW JACKSON
JOE SMITH,"JOSEPH ""JOE"" SMITH"
BUSHMASTER,JOHN MCIVER
JOHN JAMESON,JOHN JAMESON
JOHN PROUDSTAR,JOHN PROUDSTAR
JOHN RYKER,JOHN RYKER
JOHNNY DEE,UNREVEALED
JOHNNY STORM,MASTER JOHN STORM
JOLT,HELEN “HALLIE” TAKAHAMA
JOLT,KYI (LAST NAME UNREVEALED)
JONATH,JONATH
JONATHAN GATESWORTH,JONATHAN GATESWORTH
JONATHAN TREMONT,"UNREVEALED, LEGALLY CHANGED TO JONATHAN TREMONT"
JONO BARAKA,JONO BARAKA
JORGE LATHAM,JORGE LATHAM
JOSEPH,JOSEPH ROBERTSON
JOSEPH MANFREDI,JOSEPH MANFREDI
JOSHUA KANE,JOSHUA KANE
JOSIAH X,"JOSIAH AL HAJJ SADDIQ (LEGALLY CHANGED, FORMER LEGAL NAME UNREVEALED)"
JOUST,BOUDICA GORMAN
JOY MEACHUM, 
JOYSTICK,JANICE OLIVIA YANIZESKI
JUBILEE,JUBILATION LEE
JUBILEE,JUBILATION LEE
JUDGE,MICHAEL HART
JUDSON JAKES,JUDSON JAKES
JUGGERNAUT,CAIN MARKO
JUGGERNAUT,CAIN MARKO
JUNE COVINGTON,JUNE COVINGTON
JUNKPILE,UNREVEALED
JUNTA,MANUEL DIEGO ARMAND VICENTE
JUSTICE,VANCE ASTROVIK
JUSTIN HAMMER,JUSTIN HAMMER
KA'ARDUM,KA'ARDUM
KA-ZAR,DAVID RAND
KA-ZAR,LORD KEVIN REGINALD PLUNDER
KAA,KAA
KAINE,NONE
KALA,KALA
KALI,KALI
KANG THE CONQUEROR,NATHANIEL RICHARDS
KANGAROO,BRIAN HIBBS
KANGAROO,FRANK OLIVER
KANGAROO,FRANK OLIVER (CLONE)
KAREN PAGE, 
KARIMA SHAPANDAR,KARIMA SHAPANDAR
KARMA,XI'AN COY MANH
KARNAK,THE SHATTERER
KARNILLA,KARNILLA
KAROLINA DEAN,LUCY IN THE SKY
KASPER COLE,KEVIN COLE
KATE PRYDE,"KATHERINE ""KITTY"" PRYDE"
KATHERINE FARRELL,"KATHERINE ""KAT"" FARRELL"
KATHERINE WAYNESBORO,"KATHERINE ""KATE"" WAYNESBORO"
KATHULOS,KATHULOS
KAYLA BALLANTINE,KAYLA BALLANTINE
KAZANN,MICAH
KELDA,KELDA
KEN ELLIS,"KENNETH ""KEN"" ELLIS"
KHAOS,KHAOS
KHATYLIS,UNREVEALED
KHONSHU,CHONS (ORIGINAL EGYPTIAN)
KID BLACKHEART,UNREVEALED
KID DEADPOOL,CHRISTOPHER CASSERA
KID OMEGA,QUENTIN QUIRE
KID SYN,UNREVEALED
KIDPOOL,WADE WILSON
KIKA,"UNREVEALED, POSSIBLY KIKA"
KILLER SHRIKE,SIMON MADDICKS
KILLPOWER,JULIUS MULLARKY
KIMORA,KIMORA
KIMURA,KIMURA (FULL NAME UNREVEALED)
KING COBRA,KLAUS VOORHEES
KING SIMIAN,UNREVEALED
KINGO,KINGO SUNEN
KINGPIN,WILSON FISK
KIRIGI,KIRIGI
KIRIKA,KIRIKA YASHIDA
KISMET,NONE
KITTY PRYDE,"KATHERINE ""KITTY"" PRYDE"
KIWI BLACK,MARCUS SKARR
KKALLAKKU,KKALLAKKU
ULYSSES KLAUE, 
KLEINSTOCK BROTHERS,"SVEN, ERIC, AND HARLAN KLEINSTOCK"
KLUH,KLUH
KLY'BN,KLY'BN
KNULL,GOD OF THE SYMBIOTES
KO-REL,KO-REL
KOBIK, 
KOGAR,LI-PENG KAI
KORATH, 
KORDA,KORDA
KORG,KORG
KORVAC,MICHAEL KORVAC
KORVUS,KORVUS ROOK'SHIR
KRAKOA,KRAKOA
KRANG,KRANG
ALYOSHA KRAVINOFF,KRAVEN
KRAVEN,ANA KRAVINOFF
KRAVEN,SERGEI KRAVINOFF
KRAVEN THE HUNTER,SERGEI KRAVINOFF
KRAY-TOR,KRAY-TOR
KRO,KRO
KRONNITT,KRONNITT
KRONOS,CHRONOS
KROOK KING,UNREVEALED
KRUGARR,KRUGARR
KRYSTALIN,RUTH KIRSTEN PORTER-OGADA
KUROYAMA,UNREVEALED
KURRGO,KURRGO
KURSE,KURSE (FORMERLY ALGRIM)
KYLUN,COLIN MCKAY
LA LUNATICA,UNREVEALED
LA NUIT,PIERRE TRUFFAUT
LADY BULLSEYE,MAKI MATSUMOTO
LADY DEADPOOL,WANDA WILSON
LADY DEATHSTRIKE,YURIKO OYAMA
LADY MASTERMIND,REGAN WYNGARDE
LADYFAIR,UNREVEALED
LANDA,LANDA (LAST NAME UNKNOWN)
LANDAR,LANDAR
LARGO,LARGO (FIRST NAME UNREVEALED)
LARRY RAMBOW,LARRY RAMBOW
LAVIN SKEE,LAVIN SKEE
LAYLA MILLER,LAYLA ROSE MILLER
LEADER,SAMUEL STERNS
LEAPER LOGAN,LOGAN (UNREVEALED IF THIS IS HIS FIRST OR LAST NAME)
LEE FORRESTER,ALETYS FORRESTER
LEFT LEG,UNREVEALED
LEGACY VIRUS, 
LEGION,DAVID HALLER
LEIKO WU, 
LEIR,LEIR
LEO FITZ,"LEOPOLD ""LEO"" JAMES FITZ"
LIBRA,GUSTAV BRANDT
LIEUTENANT MARCUS STONE,MARCUS STONE
LIFEFORCE,UNKNOWN
LIFEGUARD,HEATHER CAMERON
LIGHTNINGBOLT,RAND
LIGHTSPEED,"JULIA ""JULIE"" POWER"
LIGHTSTORM,LIGHTSTORM
LILA CHENEY,LILA CHENEY
LILANDRA NERAMANI,LILANDRA NERAMANI
LILITH,LILITH
LILITH,POSSIBLY BAT ZUGE OR KISKILLILLA
LION GOD,SEKHMET
LIONHEART,KELSEY LEIGH
LISA PARFREY,LISA PARFREY
LIVE WIRE,UNREVEALED
LIVILLA,LIVILLA
LIVING BRAIN,INAPPLICABLE
LIVING LIGHTNING,MIGUEL SANTOS
LIVING MUMMY,N'KANTU
LIVING TRIBUNAL,THE LIVING TRIBUNAL
LIZ OSBORN,ELIZABETH ALLAN OSBORN
LIZARD,DR CURTIS CONNORS
LIZARD,CURTIS CONNERS
LLAN THE SORCERER,LIAN
LLYRA,LLYRA MORRIS
LLYRON,LLYRON MACKENZIE
LOCKHEED, 
LOCKJAW, 
LOCKSMITH,UNREVEALED
LODESTONE,ANDREA (FULL NAME UNREVEALED)
LOGA,UNREVEALED
LOKI, 
LONGSHOT,UNREVEALED
LONGSHOT,ARTHUR CENTINO
LOOTER,NORTON G. FESTER
LORD CHAOS,LORD CHAOS
LORD DYVYNE,DYVYNE
LORD MAR-VELL,MAR-VELL
LORD OF ILLUSIONS,IKONN
LORD PUMPKIN,UNREVEALED
LORD TANTALUS,TANTALUS
LORD TEMPLAR,UNREVEALED
LORD VITTIO,VITTIO
LORELEI,LORELEI
LOUISE HASTINGS,LOUISE HASTINGS
LUCIFER,LUCIFER
LUCIFER,UNKNOWN
LUCKY PIERRE,ERNST ERSKINE
LUKE CAGE, 
LUKE CAGE,CARL LUCAS
LULLABY,FELICITY CROSS
LUMINOR,UNREVEALED
LUNA MAXIMOFF,LUNA MAXIMOFF
LUNA SNOW,SEOL HEE
LUNATIK,UNREVEALED
LUPA,UNREVEALED
LURKING UNKNOWN,UNKNOWN
LYCUS,UNREVEALED
LYJA,LYJA THE LAZERFIST
LYLLA,LYLLA
LYNX,"UNREVEALED, POSSIBLY NONE"
LYRA,LYRA
M,MONET YVETTE CLARISSE MARIA THERESE ST. CROIX
M'GUMBU,M'GUMBU
M.O.D.O.K.,GEORGE TARLETON
MACH-V,"ABNER RONALD ""ABE"" JENKINS"
MACHINE MAN,X-51
MACHINESMITH,SAMUEL SAXON
MAD DOG RASSITANO,JULIUS ANTHONY RASSITANO
MAD JACK,MAGUIRE BECK
MAD JIM JASPERS,SIR JAMES JASPERS
MAD JUGGLER,UNREVEALED
MAD THINKER,UNREVEALED
MAD THINKER,RHONA BURCHILL
MADAME DOLL,PRISCILLA DOLLY
MADAME WEB,CASSANDRA WEBB
MADAME WEB,CASSANDRA WEBB
MADCAP,UNKNOWN
MADELYNE PRYOR,MADELYNE JENNIFER PRYOR-SUMMERS
MADMAN,DR. PHILLIP STERNS
MAELSTROM,UNREVEALED
MAGDALENE,"UNREVEALED, POSSIBLY MARISSA DARROW"
MAGGOTT,JAPHETH (FULL NAME UNREVEALED)
MAGICIAN,LEE GUARDINEER
MAGICIAN,ELLIOT BOGGS
MAGIK,JIMAINE SZARDOS
MAGIK,ILLYANA RASPUTIN
MAGIK,ILLYANA RASPUTIN(A)
MAGIQUE,UNREVEALED
MAGMA,AMARA AQUILLA
MAGMA,AMARA JULIANA OLIVIANS AQUILLA
MAGNETO,ERIK LENSHERR
MAGNETO,MAGNUS
MAGNETO,MAX EISENHARDT
MAGNETO,ERIK LENSHERR
MAGNI,MAGNI
MAGNUS,MAGNUS LEHNSHERR
MAGOG,UNREVEALED
MAGUS,ADAM WARLOCK
MAGUS,MAGUS
MAHR VEHL,GEHENERIS HALASON MAHR VEHL
MAJOR VICTORY,VANCE ASTROVIK
MAKER,INAPPLICABLE
MAKESHIFT,UNREVEALED
MAKKARI, 
MAKRO,UNREVEALED
MALCOLM COLCORD,MALCOLM COLCORD
MALCOLM COLCORD,MALCOLM COLCORD
MALCOLM POWDER, 
MALEKITH, 
MALEVOLENCE,MALEVOLENCE
MALIK TARCEL,TARCEL MALIK
MALLEN,MALLEN (UNREVEALED LAST NAME)
MALLORY BOOK,MALLORY BOOK
MAMMOTH,UNREVEALED
MAN-APE,M'BAKU
MAN-BEAST,UNKNOWN
MAN-KILLER,KATRINA LUISA VAN HORN
MAN-THING,"THEODORE ""TED"" SALLIS"
MANDARIN,UNREVEALED
MANDRILL,JEROME BEECHMAN
MANSLAUGHTER,MARSDALE (FIRST NAME UNREVEALED)
MANTA,UNREVEALED
MANTIS, 
MARDUK,"UNREVEALED,POSSIBLY MARDUK"
MARGALI SZARDOS,MARGALI SZARDOS
MARIA HILL, 
MARIA RAMBEAU, 
MARIE LAVEAU,MARIE LAVEAU
MARIKO YASHIDA,MARIKO YASHIDA
MARIONETTE,MARI
MARLO CHANDLER JONES,MARLO JONES CHANDLER
MARNOT,MARNOT
MARRINA,MARRINA SMALLWOOD MACKENZIE
MARROW,SARAH KNUCKEY
MARTHA JOHANSSON,MARTHA JOHANNSON
MARTIN STRONG,MARTIN HENRY STRONG
MARVEL BOY,NOH-VARR
MARVEL BOY,ROBERT GRAYSON
MARVEL GIRL,"RACHEL ""RAY"" ANNE SUMMERS"
MARVEL GIRL,JEAN GREY
MARY JANE WATSON,MARY JANE WATSON
MARY JANE WATSON,MARY JANE WATSON
MARY LEBOW,MARY LEBOW
MARY MERCY,MARY MERCY
MARY ZERO,UNREVEALED
MASSDRIVER,UNREVEALED
MASTER HATE,INAPPLICABLE
MASTER KHAN,KHAN
MASTER OF THE FOUR WINDS,TIMOTHY LEE
MASTER ORDER,MASTER ORDER
MASTER PANDEMONIUM,MARTIN PRESTON
MASTERMIND,JASON WYNGARDE
MASTERMIND,MARTINIQUE WYNGARDE
MATRIARCH,UNREVEALED
MATSU'O TSURAYABA,MATSU'O TSURAYABA
MATTHEW MURDOCH,MATTHEW MURDOCH
MATTHEW RISMAN,MATTHEW RISMAN
MAUL,JAMES PEOPLES
MAUVAIS,JEAN-PIERRE (FULL NAME UNREVEALED)
MAVERICK,"CHRISTOPHER ""CHRIS"" BRADLEY"
MAXIMUS,MAXIMUS BOLTAGON
MAY PARKER,MAY PARKER (CLONE)
MAY PARKER,MAY PARKER
MAYA,MAYA TERAXTOLA
MAYA HANSEN,MAYA HANSEN
MAYHEM,BRIGID O'REILLY
MAYHEM,EARTH-982
MDUUL,MDUUL
MEANSTREAK,HENRI HUANG
MECHAMAGE,UNREVEALED
MEDUSA,MEDUSALITH AMAQUELIN BOLTAGON
MEER'LYN,UNREVEALED
MEGALITH,N/A
MEGGAN,MEGGAN BRADDOCK
MELINDA MAY, 
MELTER,BRUNO HORGAN
MELTER,CHRISTOPHER COLCHISS
MENACE,LILY HOLLISTER
MENDEL STROMM,PROFESSOR MENDEL STROMM
MENDEZ,MENDEZ
MENNONITE, 
MENTALLO,MARVIN FLUMM
MENTOR,ALARS
MENTOR,UNREVEALED
MEPHISTA,MEPHISTA
MEPHISTO,MEPHISTO
MERANNO,MERANNO
MERCEDES MERCED,MERCEDES MERCED
MERCEDES WILSON,MERCEDES WILSON
MERCURIO,MERCURIO (NAME IN HIS OWN LANGUAGE IS UNKNOWN)
MERCURY,UNREVEALED
MERLIN,MERLIN
MERLIN DEMONSPAWN,UNREVEALED
MESMERO,VINCENT (FULL NAME UNREVEALED)
MESMERO,UNREVEALED
MESMERO,VINCENT (FULL NAME UNREVEALED)
MESMERO,VINCENT (FULL NAME UNREVEALED)
MESS,NICHOLE MARTIN
MESSIAH,S'MET'KTH
METALHEAD,EDWARD VAN BEETHOVEN-OSAKO
METTLE,KEN MACK
MICRO,DAVID LINUS LIEBERMAN
MICROBE,ZACHARY SMITH JR.
MICROMAX,SCOTT WRIGHT
MIDNIGHT SUN,M'NAI
MIDWIFE,UNREVEALED
MIEK, 
MIKABOSHI,AMATSU MIKABOSHI
MILLIE THE MODEL,"MILLICENT ""MILLIE"" COLLINS"
MIMIC,CALVIN MONTGOMERY RANKIN
MIMIC,CALVIN RANKIN
MIMIC,CALVIN MONTGOMERY RANKIN
MIMIC,CALVIN MONTGOMERY RANKIN
MIMIC,CALVIN MONTGOMERY RANKIN
MIMIC,CALVIN MONTGOMERY RANKIN
MIND-WAVE,ERIK GELDEN
MINDMELD,UNREVEALED
MINDSTAR,SILAS WARDEN
MINDWORM,WILLIAM TURNER
MINISTER BLOOD,MELVIN SCARBO
MINN-ERVA, 
MIRACLE MAN,UNREVEALED
MIRAGE,MIRAGE
MIRAGE,DESMOND CHARNE (CLONE)
MIRIAM SHARPE,MIRIAM SHARPE
MIRIAM SYTSEVICH,MIRIAM SYTSEVICH
MISFIT,UNREVEALED
MISS MINUTES, 
MISTER ELEVEN,UNREVEALED
MISTER FANTASTIC,REED RICHARDS
MISTER FANTASTIC,ANDROID A
MISTER FANTASTIC,REED RICHARDS
MISTER FANTASTIC,REED RICHARDS
MISTER FEAR,ALAN FAGAN
MISTER FEAR,"LAWRENCE ""LARRY"" CRANSTON"
MISTER GIDEON,GIDEON WILSON
MISTER HYDE,CALVIN ZABO
MISTER IMMORTAL,CRAIG HOLLIS
MISTER M,ABSOLOM ZEBARDYN MERCATOR
MISTER SENSITIVE,GUY SMITH
MISTER SINISTER,NATHANIEL ESSEX
MISTER SINISTER,NATHANIEL ESSEX
MISTER X,UNREVEALED
MISTRESS LOVE,INAPPLICABLE
MISTY KNIGHT,"MERCEDES ""MISTY"" KNIGHT"
MOCKINGBIRD,BARBARA “BOBBI” MORSE BARTON
MODRED THE MYSTIC,MODRED
MOGOL,MOGOL
MOIRA MACTAGGERT,MOIRA MACTAGGERT
MOIRA MACTAGGERT,MOIRA MACTAGGERT
MOJO,MOJO
MOLE MAN,HARVEY RUPERT ELDER
MOLECULE MAN,OWEN REECE
MOLLY HAYES,BRUISER / PRINCESS POWERFUL
MOLOKA DAR,MOLOKA DAR
MOLTEN MAN,MARK RAXTON
MONARK STARSTALKER,UNREVEALED
MONDO,UNREVEALED
MONGOOSE,UNREVEALED
MONICA RAMBEAU,SPECTRUM
MONICA RAPPACCINI,SCIENTIST SUPREME
MONKEY JOE,MONKEY JOE
MONOCLE,UNREVEALED
MONSTER FROM THE LOST LAGOON,MOWFUS
MONSTRA,UNREVEALED
MOON GIRL,LUNELLA LAFAYETTE
MOON KNIGHT,MARC SPECTOR
MOON KNIGHT,MARC SPECTOR
MOONDANCER,MYLA
MOONDRAGON,HEATHER DOUGLAS
MOONSTAR,DANIELLE MOONSTAR
MOONSTONE,KARLA SOFEN
MORASS,UNREVEALED
"MORBIUS, THE LIVING VAMPIRE",DOCTOR MICHAEL MORBIUS
MORG,MORG
MORGAN LE FAY, 
MORLUN,MORLUN
MORNING STAR,SCHUYLER BELIAL
MORPH,KEVIN SYDNEY
MORPH,KEVIN SYDNEY
MORPH,KEVIN MACTAGGERT
MORPHEX,MORPHEX
MORRAT,MORRAT
MORROW,MORROW (LAST NAME UNREVEALED)
MORWEN,MORWEN
MOSES MAGNUM,MOSES MAGNUM
MOSH,GILBERT LIPCHITZ
MOTHER MAJOWSKI,SAM MAJOWSKI
MOTHER NIGHT,SUSAN SCARBO
MOTORMOUTH,HARLEY DAVIDSON
MOUNTJOY,UNREVEALED
MR. BROWNSTONE,GARRISON KLUM
MR. FROST,UNREVEALED (FROST COULD POTENTIALLY BE HIS LAST NAME)
MR. NEGATIVE,MARTIN LI
MS. MARVEL,KAMALA KHAN
MS. MARVEL,SHARON VENTURA
MULHOLLAND,MULHOLLAND BLACK
MULTIPLE MAN,"JAMES ARTHUR ""JAMIE"" MADROX"
MURDEROUS LION,UNREVEALED
MUTANT,CHAD CHANNING
MVP,"MICHAEL IAN ""MIKE"" VAN PATRICK"
MYNX,MYNX (LAST NAME UNKNOWN)
MYSTERIO,"DANIEL ""DANNY"" BERKHART"
MYSTERIO,FRANCIS KLUM
MYSTERIO,QUENTIN BECK
MYSTIQUE,RAVEN DARKHÖLME
MYSTIQUE,UNREVEALED
MYSTIQUE,UNKNOWN
N'JOBU, 
NAGALA,NAGALA
NAHREES,NAHREES
NAKIA, 
NAMOR THE SUB-MARINER,NAMOR MCKENZIE
NAMORA,AQUARIA NAUTICA NEPTUNIA
NAMORA,NAMORA
NAMORITA,"NAMORITA (LEGALLY NAMORITA ""NITA"" PRENTISS IN SURFACE SOCIETY)"
NANNY,UNREVEALED
NATE GREY,"NATHANIEL ""NATE"" GREY"
NATHANIEL RICHARDS,NATHANIEL RICHARDS
NATIVE,UNREVEALED
NEBULA, 
NEBULON THE CELESTIAL MAN,UNREVEALED
NEBULOS,"UNKNOWN, POSSIBLY NEBULOS"
NEEDLE,UNREVEALED
NEGASONIC TEENAGE WARHEAD,ELLIE PHIMISTER
NEGATOR,RODNEY (LAST NAME UNREVEALED)
NEKRA,NEKRA SINCLAIR
NEMESIS,NEMESIS
NEMESIS,JANE ST. IVES
NEPTHYS,SANDAHL SWARN
NESS,NESS
NEUROTAP,MICHELLE BALTERS
NEUTRON,UNREVEALED
NEZARR,NEZARR THE CALCULATOR
NICHOLAS SCRATCH,NICHOLAS SCRATCH (PRESUMED)
NICK FURY, 
NICK FURY,NICK FURY
NICK FURY JR.,"NICHOLAS JOSEPH FURY, JR."
NICK FURY,NICHOLAS JOSEPH FURY
NICO MINORU,SISTER GRIMM
NIELS,NIELS
NIGHT NURSE, 
NIGHT RAVEN,UNREVEALED
NIGHT THRASHER,DONYELL TAYLOR
NIGHT THRASHER,DWAYNE MICHAEL TAYLOR
NIGHTCRAWLER,KURT WAGNER
NIGHTCRAWLER,KURT DARKHOLME
NIGHTCRAWLER,KURT DARKHOLME
NIGHTCRAWLER,KURT WAGNER
NIGHTHAWK,KYLE RICHMOND
NIGHTHAWK,NEAL RICHMOND
NIGHTMARE,UNKNOWN
NIGHTSHADE,TILDA JOHNSON
NIGHTSIDE,UNREVEALED
NIGHTWATCH,KEVIN BARRY TRENCH
NIKKI,NIKKI
NINA MCCABE,NINA MCCABE
NITRO,ROBERT HUNTER
NOCTURNE,TALIA JOSEPHINE WAGNER
NOCTURNE,"TALIA ""T.J."" WAGNER"
NOIR,SA'IDA ZEBARI
NOMAD,JACK MONROE
NORTH WIND,UNREVEALED
NORTHSTAR,JEAN-PAUL BEAUBIER
NOVA,FRANKIE RAYE
NOVA,RICHARD RIDER
NOVA,SAM ALEXANDER
NOVA OMEGA,GARTHAN SAAL
NOX,"UNREVEALED, POSSIBLY NYX"
NUKE,FRANK SIMPSON
NUKLO,ROBERT FRANK JR.
NULL THE LIVING DARKNESS,NULL THE LIVING DARKNESS
NUMECET,NUMECET
NUT,NUT
NYKO HALFGHANAGHAN,NYKO HALFGHANAGHAN
OBERON,OBERON
OBLITERATOR,UNREVEALED
OBLITERATOR,MAHT PACLE
OBLIVION,INAPPLICABLE
OCCULUS,UNREVEALED
ODDBALL,ELTON HEALEY
ODIN,ODIN BORSON
OFFICER Z.E.R.O.,INAPPLICABLE
OGRE,UNREVEALED
OKOYE, 
OLD SAM,UNREVEALED
OLIVIER,OLIVIER
OLIVIER STOKER,UNREVEALED
OMEGA,MICHAEL POINTER
OMEGA,OMEGA
OMEGA,MODEL X-3Z
OMEGA RED,ARKADY GREGORIVICH ROSSOVICH
OMEGEX,OMEGEX
ONE-EYED JACQUIE,UNREVEALED
ONOMI WHITEMANE,ONOMI WHITEMANE
ONSLAUGHT,INAPPLICABLE
OOLA UDONTA,OOLA UDONTA
ORACLE,LADY SYBIL
ORB,DRAKE SHANNON
ORB,UNREVEALED
ORBUS,ORBUS
ORD,ORD
ORGANIZER,ABNER JONAS
ORIGIN,UNREVEALED (SAID TO BE UNPRONOUNCEABLE BY HUMANS)
ORIKAL,UNKNOWN
ORKA,ORKA
ORORO MUNROE,ORORO MUNROE
ORPHAN-MAKER,PETER (FULL NAME UNREVEALED)
OSIRIS,OSIRIS
OTIS JOHNSON,OTIS DANGER JOHNSON II
OTTO OCTAVIUS,OTTO OCTAVIUS
OTTO VON DOOM,COUNT OTTO VON DOOM
OVERDRIVE,UNREVEALED
OVERKILL,UNREVEALED
OVERMIND,GROM
PAGAN,UNREVEALED
PAIBOK,PAIBOK
PALADIN,UNREVEALED
PAN,AEGIPAN
PANDARA,PANDARA
PANDEMIC,RICHARD PALANCE
PANDEMONIA,PANDEMONIA
PANTHER GOD,BAST
PAO FU,LIAN GOH
PAPER DOLL,PIPER DALI
PARADOX,STRANGE
PATCHWORK,KYLE BARKER
PATHWAY,LAURA DEAN
PATRIOT,"ELIJAH ""ELI"" BRADLEY"
PATRIOT,RAYSHAUN LUCAS
PAUL STEINEN,PAUL STEINEN
PAZUZU,IMUDUGUD (SUMERIAN NAME)
PEARLA,PEARLA (LAST NAME UNKNOWN)
PEGGY CARTER,AGENT 13
PELIALI,PELIALI
PENANCE,CLAUDETTE AND NICOLE ST. CROIX
PENANCE,"ROBERT ""ROBBIE"" BALDWIN"
PENI PARKER,SP//DR
PENNSU,PENNSU
PEPPER,UNREVEALED
PEPPER POTTS,"VIRGINIA ""PEPPER"" POTTS"
PEREGRINE,ALAINE RACINE
PERRIKUS,PERRIKUS
PERSUADER,ROLAND RAYBURN
PETER PARKER,PETER BENJAMIN PARKER
PETER PARQUAGH,PETER PARQUAGH
PETER WISDOM,PETER PAUL WISDOM
PETROS,PETROS
PHANTAZIA,EILEEN HARSAW
PHANTOM EAGLE,LLOYD BLOCH
PHANTOM RIDER,RENO JONES
PHASTOS, 
PHAT,WILLIAM ROBERT REILLY
PHIL COULSON, 
PHIL URICH,PHILLIP BENJAMIN URICH
PHINN MAC MRAM,PHINN MAC MRAM
PHOBIUS,UNREVEALED
PHOBOS,PHOBOS
PHOENIX,JEAN GREY-SUMMERS
PHOENIX FORCE,INAPPLICABLE
PHOTON,PHOTON
PHOTON,GENIS-VELL
PHOTON,JASON DEAN
PICO HALFGHANAGHAN,PICO HALFGHANAGHAN
PIECEMEAL,PIECEMEAL
PILEDRIVER,BRIAN PHILIP CALUSKY
PILGRIM,PILGRIM
PIOTR RASPUTIN,PIOTR NIKOLAIEVITCH RASPUTIN
PIP THE TROLL,PRINCE PIP GOFERN
PIRANHA,UNREVEALED
PIXIE,UNREVEALED
PIXIE,MEGAN GYWNN
PLANTMAN,SAMUEL SMITHERS
PLASMA,LEILA O'TOOLE
PLAZM,UNREVEALED
PLUTONIA,UNREVEALED
PN'ZO,UNREVEALED
POISON,CECILIA CARDINALE
POKERFACE,UNREVEALED
POLARIS,LORNA DANE
POLARIS,LORNA DANE
POLARIS,LORNA
POLARIS,LORNA DANE
PORCUPINE,ALEXANDER GENTRY
PORCUPINE,ALEXANDER GENTRY (CLONE)
PORTAL,CHARLES LITTLE SKY
POSEIDON,POSEIDON (NEPTUNE)
POSSESSOR,KAMO THARNN
POST,KEVIN TREMAIN
POUNDCAKES,MARIAN POUNCY
POWDERKEG,UNREVEALED
POWER BROKER,SHARON CARTER
POWER MAN,VICTOR HERNAN ALVAREZ
POWER PRINCESS,ZARDA
POWERHOUSE,RIEG DAVAN
POWERHOUSE,UNREVEALED
PRAXAGORA,PRAXAGORA
PREAK,PREAK
PRESENCE,SERGEI KRYLOV
PRETTY BOY,UNREVEALED
PRIME MOVER,NONE
PRIME SKRULL,UNREVEALED
PRIMO,PRIMO
PRINCE OF ORPHANS,JOHN AMAN
PRINCE WAYFINDER,UNREVEALED
PRINCESS OMAKA,"OMAKA, LAST NAME UNREVEALED"
PRINCESS PYTHON,ZELDA DUBOIS
PRINCESS TEELA,TEELA ARRANO'GOOM VALLA ARSTALLA COLDASSIN
PROCTOR,UNREVEALED
PRODIGY,DAVID ALLEYNE
PRODIGY,RITCHIE GILMORE
PRODIGY,TIMOTHY WILKERSON
PROFESSOR GILBERT,GREGSON GILBERT
PROFESSOR X,CHARLES FRANCIS XAVIER
PROFESSOR X,CHARLES XAVIER
PROSH,INAPPLICABLE
PROTECTOR,THORAL RUL
PROT,UNREVEALED
PROTEUS,DAVID XAVIER
PROWLER,AARON DAVIS
PROWLER,HOBIE BROWN
PROWLER,RICK LAWSON
PROXIMA MIDNIGHT, 
PRYOR CASHMAN,PRYOR CASHMAN
PSI-WOLF,NIKOLAI VONYA
PSYCHO-MAN,UNREVEALED
PSYKLOP,PSYKLOP
PSYKOS,PSYKOS
PSYLOCKE,"ELIZABETH ""BETSY"" BRADDOCK"
PUCK,EUGENE MILTON JUDD
PUCK,ZUZHA YU
PUFF ADDER,GORDON FRALEY
PUMA,THOMAS FIREHEART
PUNISHER,JACOB GALLOWS
PUNISHER,FRANK CASTLE
PUPPET MASTER,PHILLIP MASTERS
PURGE,UNREVEALED
PURGE,UNREVEALED
PURPLE MAN,ZEBEDIAH KILLGRAVE
PYRO,ST. JOHN ALLERDYCE
QUAGMIRE,JEROME MYERS
QUAKE,DAISY JOHNSON
QUANTUM,UNREVEALED
QUASAR,PHYLA-VELL
QUASAR,WENDELL ELVIS VAUGHN
QUASIMODO,QUASI-MOTIVATIONAL DESTRUCT ORGANISM
QUEEN,"ADRIANA ""ANA"" SORIA"
QUEEN ADORA,ADORA
QUEEN DIVINE JUSTICE,CE'ATHAUNA ASIRA DAVIN
QUEEN VERANKE,VERANKE
QUICKSAND,UNREVEALED
QUICKSILVER,PIETRO DJANGO MAXIMOFF
QUICKSILVER,PIETRO MAXIMOFF
QUICKSILVER,PIETRO
QUICKSILVER,PIETRO LENSHERR
QUILL,MAXWELL JORDAN
QUINTRONIC MAN,QUINTRONIC MAN
QUIVER,RENTARO NAKADI
QUOI,SEQUOIA
R'KIN,R’KIN
RA-VENN,RA-VEEN
RADIOACTIVE MAN,DR. CHEN LU
RADIUS,JARED CORBO
RAGE,ELVIN DARYL HALIDAY
RAKER,RAKER
RAMA KALIPH,RAMA KALIPH
RAMADES,RAMADES
RAMROG,RAMROG
RANCOR,RANCOR
RANDALL CROWNE,RANDALL CROWNE
RANDI COUPER,"MIRANDA ""RANDI"" COUPER"
RANDOM,MARSHALL EVAN STONE III
RANSAK,RANSAK
RAOUL BUSHMAN,RAOUL BUSHMAN
RAPHAEL SUAREZ,RAPHAEL SUAREZ
RAPTOR,DAMON RYDER
RAPTOR,"BRENDA ""BLACKIE"" DRAGO"
RAPTRA,"UNKNOWN, POSSIBLY RAPTRA"
RAPTURE,SISTER JOY
RAPTURE,UNREVEALED
RASTUS,RASTUS
RATTLER,GUSTAV KRUEGER
RAVAGE,PAUL-PHILLIP RAVAGE
RAVAGE,GEOFFREY CRAWFORD
RAVENOUS,RAVENOUS
RAVONNA RENSLAYER, 
RAZA,ANGELO FINELON
RAZOR,UNREVEALED
RAZORBACK,BUFORD HOLLIS
REBOUND,CLYDE (LAST NAME UNREVEALED)
RECORDER,RECORDER
RED GHOST,IVAN KRAGOFF
RED GUARDIAN,ALEXEI
RED HULK,THADDEUS E. ROSS
RED KING,ANGMO II
RED LOTUS,PAUL HARK
RED RAVEN,UNREVEALED
RED SHE-HULK,ELIZABETH TALBOT ROSS-BANNER
RED SHIFT,UNREVEALED
RED SHIRT,UNREVEALED
RED SKULL,JOHANN SHMIDT
RED SKULL,UNREVEALED
RED WOLF,ROJOHN SMYTHE
REDEEMER,SHEP GUNDERSON
REED RICHARDS,REED RICHARDS
REGENT,UNREVEALED
REPTIL,HUMBERTO LOPEZ
REPTILLA,UNREVEALED
REPTYL,REPTYL
REVANCHE,KWANNON
RHEA,RHEA
RHINO,ALEKSEI MIKHAILOVICH SYTSEVICH
RHODNEY,RHODNEY
RICHARD FISK, 
RICHARD MALONE,RICHARD MALONE
RICHARD WILLIS,RICHARD WILLIS
RICK JONES,RICK JONES
RICK MASON, 
RICOCHET,"JOHNATHON ""JOHNNY"" GALLO"
RICTOR,JULIO ESTEBAN RICHTER
RIGER,UNREVEALED
RIGGER RUIZ,MARGARITA ALLEGRA RUIZ
RIGHT ARM,MCCORD (FIRST NAME UNREVEALED)
RIGHT LEG,VAN DYKE (FIRST NAME UNREVEALED)
RINGER,ANTHONY 'TONY' DAVIS
RINGER,ANTHONY DAVIS (CLONE)
RIOT,HEIDI SLADKIN
RISQUE,GLORIA DOLORES MUÑOZ
RIVE,ANASTASIA SUMMIT
ROBERT KELLY,ROBERT EDWARD KELLY
ROBERT REYNOLDS,ROBERT REYNOLDS
ROBERT RIDER,"ROBERT ""ROBBIE"" RIDER"
ROCK PYTHON,M'GULA
ROCKET, 
ROCKET RACER,ROBERT FARRELL
ROGER NORVELL,ROGER NORVELL
ROGUE,ANNA MARIE
ROGUE,ROGUE LENSHERR
ROGUE,ANAMARIE DARKHLOME
ROGUE,ANNA MARIE DARKHOLME
ROGUE,MARIAN
ROMA,ROMA
ROMULUS,ROMULUS
RONALD RANKIN,RONALD RANKIN
RONAN,RONAN THE ACCUSER
ROSE,SERGEANT BLUME
ROSE, 
ROUGHOUSE,UNREVEALED
RUBY THURSDAY,THURSDAY RUBINSTEIN
RUCKUS,UNREVEALED
RUMOR,UNREVEALED
RUNE,UNREVEALED
RUNNER,UNREVEALED
RUSSIAN,UNREVEALED
RYDER,RYDER
RYOKO SAGURI,RYOKO SAGURI
S'BYLL,S'BYLL
SABERCLAW,HUDSON (FULL NAME UNREVEALED)
SABRETOOTH,VICTOR CREED
SABRETOOTH,VICTOR CREED
SABRETOOTH,VICTOR CREED
SABRETOOTH,UNKNOWN
SACK,NELSON FRANK
SAGE,"TESSA (PRESUMED, FULL NAME UNREVEALED)"
SALO,SALO
SALOM,SALOMÉ (PRESUMABLY)
SALT,UNREVEALED
SAM BUCHANAN,SAM BUCHANAN
CAPTAIN AMERICA,SAM WILSON
SAM WILSON,SAM WILSON
SAMAYA,SAMAYA
SAM,SAMÉDÀR
SAMMAEL,SAMMAEL
SAMMY SILKE,SAMUEL “SAMMY” SILKE
SANDEE SAVAGE,SANDEE SAVAGE
SANDI BRANDENBERG,"SONDRA ""SANDI"" BRANDENBERG"
SANDMAN,MARKO
SANDMAN,UNKNOWN
SANDMAN,WILLIAM BAKER
SANDU,UNREVEALED
SANGRE,JULIA CONCEPCION
SARAH MOREELS,SARAH MOREELS
SASHA ALEKSANDRA NIKOLAEVICH,SASHA ALEKSANDRA NIKOLAEVICH
SASQUATCH,WALTER LANGKOWSKI
SATANA,SATANA HELLSTROM
SATANNISH,SATANNISH
SATURNYNE,SATURNYNE
SATYR,SATYR
SAURON,KARL LYKOS
SCANNER,SARAH RYALL
SCARAB,SCARAB
SCARECROW,EBENEZER LAUGHTON
SCARLET BEETLE,NONE
SCARLET CENTURION,MARCUS KANG
SCARLET SPIDER,BEN REILLY
SCARLET SPIDER,FELICITY HARDY
SCARLET WITCH,WANDA MAXIMOFF
WANDA MAXIMOFF, 
SCATTERSHOT,NATALIA OR NATALYA (LAST NAME UNREVEALED)
SCINTILLA,UNREVEALED
SCION,UNREVEALED
SCORCHER,STEVEN HUDAK
SCORPIA,ELAINE COLL
SCORPIO,JACOB FURY
SCORPIO,UNREVEALED
SCORPION,THASANEE RAPPUCCINI; LEGALLY CHANGED TO CARMILLA BLACK
SCOTT SUMMERS,SCOTT SUMMERS
SCRAMBLER,KIM IL SUNG
SCRATCH,UNREVEALED
SCREAM,DONNA DIEGO
SCREWBALL,UNREVEALED
SCRIBE,JANE HAMPSHIRE
SCYTHE,UNREVEALED
SEA LEOPARD,UNREVEALED
SEAMUS MACGILLICUDDY,SEAMUS MACGILLICUDDY
SEBASTIAN SHAW,SEBASTIAN HIRAM SHAW
SEBASTIAN SHAW,SEBASTIAN HIRAM SHAW
SECRET NINJA,RYAN JOHNSON
SEDNA,SEDNA
SEEKER,UNREVEALED
SEER,UNREVEALED
SEIJI HONDA,SEIJI HONDA
SELENE,SELENE GALLIO (PRESUMABLY)
SELFISH MOON,ID
SENTRY,ROBERT REYNOLDS
SENTRY,VAL
SENTRY 459,KREE INTER-GALACTIC SENTRY 459
SERA, 
SERPENTINA,KIMBERLY KRISTINE POTTERS
SERSI, 
SET,SET
SETH,SETH
SEWARD TRAINER,SEWARD TRAINER
SHADDO,UNREVEALED
SHADES, 
SHADOW KING, 
SHADOWCAT,KATHERINE PRYDE
SHADOWCAT,"KATHERINE ""KITTY"" PRYDE"
SHADOWKNIGHT,"RANDALL ""RAND"" SPECTOR"
SHADU THE SHADY,SHADU (LAST NAME UNREVEALED)
SHAM,DIAMANDA LASALLE
SHAMROCK,MOLLY FITZGERALD
SHANG-CHI, 
SHANNA,SHANNA PLUNDER (NEE O'HARA)
SHAPE,RALEIGH LUND
SHARD,UNREVEALED
SHARON CARTER, 
SHARON FRIEDLANDER,SHARON FRIEDLANDER
SHATHRA,SHATHRA
SHATTERAX,ROCO-BAI
SHATTERFIST,UNREVEALED
SHATTERSTAR,GAVEEDRA SEVEN
SHE-HULK,JENNIFER WALTERS
SHELL-SHOCK,UNREVEALED
SHIN,UNREVEALED
SHINOBI SHAW,SHINOBI SHAW
SHIVA,SHIVA
SHIVER MAN, 
SHOCKER,HERMAN SCHULTZ
SHOCKWAVE,LANCASTER SNEED
SHOLA INKOSI,"SHOLA INKOSI (ALSO TRANSLATED ""INKOSE"")"
SHRIEK,FRANCES LOUISE BARRISON
SHROUD,MAXIMILIAN QUINCY COLERIDGE
SHUMA-GORATH,SHUMA-GORATH
SHURI, 
SIBERION,UNREVEALED
SIBYLLA,SIBYLLA
SIDE-STEP,UNREVEALED
SIDEREUS,SIDEREUS
SIDEWINDER,SETH VOELKER
SIENA BLAZE,SIENA BLAZE
SIF,LADY SIF
SIGYN,SIGYN
SILENCER,UNREVEALED
SILENT FOX,SILENT FOX
SILHOUETTE,"SILHOUETTE ""SIL"" CHORD"
SILK,CINDY MOON
SILVER FOX,SILVER FOX
SILVER SABLE,SILVER SABLINOVA
SILVER SAMURAI,KENUICHIO HARADA
SILVER SAMURAI,KENUICHIO HARADA
SILVER SURFER,NORRIN RADD
SILVER SURFER,NORRIN RADD
SILVER SURFERS,UNREVEALED
SILVERCLAW,"MARIA DE GUADALUPE ""LUPE"" SANTIAGO"
SILVERMANE,SILVIO “SILVERMANE” MANFREDI
SIN,SINTHEA SHMIDT
SIN-EATER,STANLEY CARTER
SINGING SPIDER,"UNREVEALED, IF ANY"
SINGULARITY, 
SINISTER,NATHANIEL ESSEX
SINISTER,NATHANIEL ESSEX
SINISTER CLAUDINE RENKO,CLAUDINE RENKO
SINSEAR,UNKNOWN
SIR BENEDICT,JAMES CREMENS
SIR DENIS NAYLAND SMITH, 
SIREN,JENNIFER PEARSON
SIROCCO,UNREVEALED
SISE-NEG,UNKNOWN
SISTER MAGGIE,MARGARET MURDOCK
SISTER NIL,NIL
SISTER WANDA,SISTER WANDA
SKAAR,SKAAR
SKADI,SKADI
SKEIN,SYBIL DVORAK
SKIDS,SALLY BLEVINS
SKIN,ANGELO ESPINOSA
SKIN-BENDER,UNREVEALED
SKINNER,"UNREVEALED (POSSIBLY SKINNER OR JOHN, LAST NAME UNREVEALED)"
SKORNN,"KNOWN ONLY AS ""THE SKORNN"""
SKREET,SKREET
SKRULLIAN SKYMASTER,SK'YM'X
SKULLBUSTER,UNREVEALED
SKULLBUSTER,UNREVEALED
SKULLFIRE,TIMOTHY SEAN FITZGERALD
SKYHAWK,WINSTON MANCHESTER
SKYLARK,LINDA LEWIS
SLAPSTICK,STEVEN HARMON
SLAVER,UNREVEALED
SLAYBACK,TERRAERTON
SLEEPWALKER,UNPRONOUNCEABLE
SLIPSTREAM,"DAVIS ""DAVEY"" CAMERON"
SLUG,ULYSSES X. LUGMAN
SLYDE,JALOME BEACHER
SMASHER,VRIL ROKK
SMILING TIGER,CONRAD MACK
SMUGGLER,CONRAD JOSTEN
SNOWBIRD,NARYA
SNOWBLIND,UNKNOWN
SOLAR WIND,"UNREVEALED,"
SOLARR,SILAS KING
SOLARR,UNREVEALED
SOLITAIRE,UNREVEALED
SOLO,JAMES BOURNE
SONGBIRD,MELISSA JOAN GOLD
SOUL EATER,K'RLL
SOULFIRE,JASON MALDONADO
SOUTH WIND,UNREVEALED
SOUTH WIND,UNREVEALED
SPECTER,DALLAS GIBSON
SPEED,"THOMAS ""TOMMY"" SHEPHERD"
SPEED DEMON,JAMES SAUNDERS
SPEEDFREEK,JOSS SHAPPE
SPHINX,MERYET KARIM
SPIDER-GIRL,ANYA (AÑA) SOFIA CORAZON
SPIDER-GIRL,"MAY ""MAYDAY"" PARKER"
SPIDER-HAM,PETER PORKER
SPIDER-MAN,PETER BENJAMIN PARKER
SPIDER-MAN,PETER PARKER
SPIDER-MAN,MILES MORALES
SPIDER-MAN,PETER PARKER
SPIDER-MAN,PETER PARKER
SPIDER-MAN 2099,MIGUEL O'HARA
SPIDER-MAN NOIR,PETER PARKER
SPIDER-WOMAN,JESSICA DREW
SPIDER-WOMAN,JESSICA DREW
SPIDERCIDE,NONE
SPIKE,EVAN DANIELS
SPIRAL,RITA WAYWORD
SPIRIT,XIRA
SPIRIT OF '76,WILLIAM NASLAND
SPITFIRE,JACQUELINE FALSWORTH-CRICHTON
SPOT,DR. JONATHAN OHNN
SPOT,FRANK (LAST NAME UNREVEALED)
SPRITE, 
SPYDER,"ALLAYA ""ALUE"" MCCOY"
SPYMASTER,UNREVEALED
SPYMASTER,NATHAN LEMON
SQUID,"DON ""DONNY"" CALLAHAN"
SQUID-BOY,"SAMUEL ""SAMMY"" PARÉ"
SQUIRREL GIRL,DOREEN GREEN
SQUORM,INAPPLICABLE
STALLIOR, 
STAR THIEF,BARRY BAUMAN
STAR THIEF,DITMIL PIRVAT
STAR-LORD,PETER QUILL
STAR-THIEF,UNREVEALED
STARBOLT,UNREVEALED
STARDUST,LAMBDA-ZERO
STARFOX,EROS
STARLIGHT,TANIA BELINSKAYA
STARSEED,JAARD
STATURE,CASSANDRA ELEANORE LANG
STEEL SERPENT,DAVOS
STEEL SLAMMER,UNREVEALED
STEEL SPIDER,ICHIGO UZIMAKI
STEEL WIND,RURIKO TSUMURA
STEGRON,DOCTOR VINCENT STEGRON
STELLARIS,UNREVEALED
STEPFORD CUCKOOS,"CELESTE, ESME (DECEASED), IRMA (AKA ""MINDEE""), PHOEBE, SOPHIE (DECEASED) (SURNAME UNREVEALED)"
STEPHEN STRANGE,DOCTOR STEPHEN STRANGE
STICK, 
STICKER,UNREVEALED (LAST NAME POSSIBLY FOXWORTH)
STILT-MAN,WILBUR DAY
STINGRAY,WALTER NEWELL
STONEWALL,LOUIS HAMILTON
STORM,ORORO MUNROE
STORM,ORORO MUNROE
STORM,ORORO MUNROE
STRANGER,UNKNOWN
STRAW MAN,UNREVEALED
STRIKER,BRANDON SHARPE
STRIPMINE,UNREVEALED
STRONG GUY,GUIDO CAROSELLA
STRONG MAN,BRUCE OLAFSEN
STRYFE,STRYFE
STUFF,UNREVEALED
STUNT-MASTER,GEORGE SMITH
SUB-MARINER,NAMOR MCKENZIE
SUB-MARINER,NAMOR MCKENZIE
SUBLIME,SUBLIME
SUGAR MAN,UNREVEALED
SUICIDE,CHRIS DANIELS
SUMA-KET,SUMA-KET
SUNDER,UNKNOWN
SUNDRAGON,PAMELA DOUGLAS
SUNFIRE,SHIRO YASHIDA
SUNFIRE,MARIKO YASHIDA
SUNFIRE,SHIRO YOSHIDA
SUNPYRE,LEYU YOSHIDA
SUNSET BAIN,SUNSET BAIN
SUNSPOT,ROBERTO DA COSTA
SUNSPOT,ROBERTO DACOSTA
SUNSTREAK,ANDREA ROARKE
SUNSTROKE,SOL BRODSTROKE
SUPER SABRE,MARTIN FLETCHER
SUPER-ADAPTOID,SUPER-ADAPTOID
SUPER-EGO,UNREVEALED (POSSIBLY INAPPLICABLE)
SUPER-SKRULL,KL'RT
SUPERCHARGER,UNREVEALED
SUPERCONDUCTOR,UNREVEALED
SUPERGIANT, 
SUPERIA,POSSIBLY DEIDRE WENTWORTH
SUPERNAUT,SERGENT MILO FIELDS
SUPREME INTELLIGENCE,SUPREME INTELLIGENCE
SURGE,"NORIKO ""NORI"" ASHIDA"
SURTUR,SURTUR
SURVIVOR,UNREVEALED
SUSPENSOR,UNREVEALED
SWAD,SWAD
SWARM,FRITZ VON MEYER
SWAY,SUZANNE CHAN
SWITCHBACK,UNREVEALED
SWORDSMAN,ANDREAS VON STRUCKER
SWORDSMAN,JACQUES DUQUESNE
SYDNEY TAINE,SYDNEY TAINE
SYLVIE LAUFEYDOTTIR, 
SYNCH,EVERETT THOMAS
SYPHONN,UNREVEALED
T-RAY,WADE WILSON (ALLEGEDLY)
TAE,TAE
TAGAK,TAGAK
TAKACHIHO,HIRO TAKACHIHO
TALISMAN,"ELIZABETH ""LIZ"" TWOYOUNGMEN"
TALON,SHIR YDRN TALONIS
TALOS, 
TAMARA RAHN,TAMARA RAHN
TANA NILE,TANA NILE
TANKK,ADRIAN NORTON
TARANTULA,MARIA VASQUEZ
TASKMASTER, 
TASKMASTER,UNREVEALED
TASKMASTER,UNREVEALED
TASKMASTER,UNREVEALED
TATTERDEMALION,ARNOLD PAFFENROTH
TAURUS,CORNELIUS VAN LUNT
TEMPO,HEATHER TUCKER
TENEBRAE,TENEBRAE
TENEBROUS,TENEBROUS
TERRAX,TYROS
TERRAXIA,TERRAXIA
TERROR,"UNREVEALED, POSSIBLY SHRECK"
TERRY AARONSON,"TERRENCE ""TERRY"" AARONSON"
TESS-ONE,TOTAL ELIMINATION OF SUPER SOLDIERS
TEXAS TWISTER,DREW DANIELS
THAKORR,THAKORR
THANATOS,THANATOS
THANOS, 
THARAMUS,THARAMUS
THE CAPTAIN,UNREVEALED
THE LIVING COLOSSUS IT,"IT, THE LIVING COLOSSUS"
THE LOCUST,FERNANDA RODRIGUEZ
THE THING,"BENJAMIN ""BEN"" GRIMM"
THE THOUSAND,CARL KING
THE WINK,BENEDETTA GAETANI
THENA,"THENA (CHANGED BY ROYAL DECREE FROM HER ORIGINAL NAME, AZURA)"
THERMITE,SAM YURIMOTO
THIALFI,THIALFI
THING,BENJAMIN JACOB GRIMM
THING,BEN GRIMM
THING,ANDROID B
THING,RICARDO JONES
THING,BEN GRIMM
THIRD RAIL,UNIDENTIFIED
THOG,THOG
THOR, 
THOR,THOR OR THORLIEF GOLMEN
THOR GIRL,TARENE
THORNN,LUCIA CALLASANTOS
THORNN,UNREVEALED
THRENODY,MELODY JACOBS
THROB,NONE
THUMBELINA,KRISTINA ANDERSON
THUNDERBALL,DR. ELIOT FRANKLIN
THUNDERBIRD,JOHN PROUDSTAR
THUNDERBIRD,JOHN PROUDSTAR
THUNDERBIRD,NEAL SHAARA
THUNDERER,LEI KUNG
THUNDERHEAD,UNREVEALED
THUNDERSTRIKE,ERIC KEVIN MASTERSON
THUNDERSTRIKE,"KEVIN ""KEV"" MASTERSON"
THUNDRA,THUNDRA
TIAMAT,UNREVEALED POSSIBLY CHAMPION (OR TRANSLATION THEREOF)
TIAMUT,TIAMUT
TIBORGH,TIBORGH
TICKTOCK,UNREVEALED
TIGER SHARK,TODD ARLISS
TIGER'S BEAUTIFUL DAUGHTER,LI HUA
TIGON LIGER,TIGON LIGER
TIGRA,GREER GRANT NELSON
TIMEBROKER,TIMEBROKER
TIMESLIP,RINA PATEL
TINK,TINKABELINOS HARDLEG
TINKERER,PHINEAS MASON
TIPPY TOE,TIPPY TOE
TIRMINATER X,ALONSO
TITAN,UNREVEALED
TITANIA,MARY MACPHERRAN
TITANNUS,TITANNUS
TIWAZ,JONATHAN TIMOTHY BROCK III
TLAANGO,TLAANGO
TOAD,MORTIMER TOYNBEE
TOAD,MORTIMER TOYNBEE
TODDLER,UNREVEALED
TOM THUMB,THOMAS THOMPSON
TOMAZOOMA,TOMAZOOMA
TOMBSTONE,LONNIE THOMPSON LINCOLN
TOMMY,UNREVEALED
TONAJA,TONAJA
TOPAZ,UNREVEALED
TORGO,TORGO
TORO,THOMAS “TORO” RAYMOND
TORPEDO,UNREVEALED
TORPEDO,MICHAEL STIVAK
TOXIN,"PATRICK ""PADDY"" MULLIGAN"
TRACER,UNREVEALED
TRAPSTER,PETER PETRUSKI
TRAUMA,"TERRANCE ""TERRY"" WARD"
TRAUMA,TROH-MAW
TREEFERN,UNPRONOUNCEABLE BY HUMANS
TREVOR,TREVOR
TREVOR FITZROY,TREVOR FITZROY
TRI-SENTINEL,INAPPLICABLE
TRICEPHALOUS,UNREVEALED
TRICKSHOT,BUCK CHISHOLM
TRITON, 
TROLL,UNREVEALED
TURBO,"MICHIKO ""MICKEY"" MUSASHI"
TURNNER D. CENTURY,TURNER D. CENTURY (CLONE)
TWO-GUN KID,MATT HAWK
TWO-LEGGED RAT,UNREVEALED
TYGER TIGER,JESSAN HOAN
TYPEFACE,"GORDON ""GEORDIE"" THOMAS"
TYPHOID MARY,MARY ALICE WALKER
TYPHON,TYPHON
TYR,TYR
TYRANT,UNREVEALED
TZABAOTH,DEXTER DOUGLES
U-GO GIRL,EDITH CONSTANCE SAWYER
U.S.AGENT,JOHN F. WALKER
UATU THE WATCHER,UATU
ULIK,ULIK
ULTIMATE LEANNA PARKER,LEANNA JASMINE NASHTON; PARKER-DRAKE
ULTIMATE SPIDER SLAYER,ALISTAIR SMYTHE
ULTIMATOR,UNREVEALED
ULTIMO,UNKNOWN
ULTRA-VISION,NONE
ULTRON, 
ULTRON,ULTRON
ULYSSES BLOODSTONE,ULYSSES BLOODSTONE
ULZAK,ULZAK
UMAR,UMAR
UNA-ROGG,UNA-ROGG
UNCLE BEN,BENJAMIN PARKER
UNCLE PYKO,PYKO
UNICORN,MILOS MASARYK
UNICORN,AAIDAN BLOMFIELD
UNICORN,MILOS MASARYK
UNION JACK,BRIAN FALSWORTH
UNION JACK,JOSEPH CHAPMAN
UNION JACK,"JAMES MONTGOMERY, LORD FALSWORTH"
UNSPOKEN,UNREVEALED
UNUM,UNUM (THE ACTUAL NAMES OF THE BEINGS THAT HAVE BEEN MERGED INTO HER CONSCIOUSNESS ARE UNREVEALED)
UNUS,"ANGELO UNUSCIONE, LEGALLY CHANGED TO GUNTHER BAIN"
UNUS,ANGELO UNUSCIONE
UNUS,ANGELO UNUSCIONE
UNUS,UNREVEALED
URANIA,URANIA
URSA MAJOR,MIKHAIL URIOKOVITCH URSUS
URTHONA,UROTHONA
VAGABOND,PRISCILLA LYONS
VAKUME,UNREVEALED
VALENTINA ALLEGRA DE FONTAINE,COUNTESS VALENTINA ALLEGRA DE FONTAINE
VALERIA RICHARDS,VALERIA MEGHAN RICHARDS
VALERIE COOPER,"VALERIE ""VAL"" COOPER"
VALERIE JESSUP,VALERIA TOOMES
VALINOR,VALINOR
VALKYRIE,BRUNNHILDE
VALKYRIE, 
VAMP,UNREVEALED
VAMPIRE BY NIGHT,NINA PRICE
VAMPIRO,UNREVEALED
VANESSA FISK, 
VANGUARD,NICOLAI KRYLENKO
VANISHER,TELFORD PORTER
VANISHER,UNKNOWN
VAPOR,ANN DARNELL
VARGAS,"UNREVEALED, POSSIBLY VARGAS"
VECTOR,SIMON UTRECHT
VEIL,UNREVEALED
VEIL,"MADELINE ""MADDY"" BERRY"
VENGEANCE,KOWALSKI (FIRST NAME UNREVEALED)
VENGEANCE,"MICHAEL ""MIKE"" BADILINO"
VENOM,EDDIE BROCK
VENOM,"MACDONALD ""MAC"" GARGAN"
VENOM,"EDWARD ""EDDIE"" BROCK JR."
VENOMM,HORATIO WALTERS
VENUS,APHRODITE OURANIA
VENUS,UNREVEALED
VENUS DEE MILO,DEE MILO
VERA GEMINI,"UNREVEALED, LIKELY VERA GEMINI"
VERG,VERG
VERMIN,EDWARD WHELAN
VERMINUS REX,VERMINUS REX
VERONICA CHASE,VERONICA CHASE
VERTIGO,UNKNOWN
VEX,UNREVEALED
VIBRAXAS,N'KANO
VICTOR MANCHA,VICTOR MANCHA
VICTOR STEIN,VICTOR STEIN
VICTORIA BENTLEY,VICTORIA BENTLEY
VICTORIA MONTESI,VICTORIA MONTESI
VIDAR,VIDAR
VIENNA,UNREVEALED
VIN GONZALES,"VINCENT ""VIN"" GONZALES"
VIN VISION, 
VINCENT CALABRESSE,VINCENT CALABRESSE
VINDICATOR,HEATHER MCNEIL-HUDSON
VIPER,UNREVEALED
VIRGINIA VISION, 
VISALIA,VISALIA
VISION, 
VISIS,VISIS
VIV VISION, 
VIXEN,UNREVEALED
VIXEN,NIGEL FROBISHER
VOID,ROBERT REYNOLDS
VOLGA BELLE,UNREVEALED
VOLKH,VLADIMIR OREKHOV
VOLLA,VOLLA
VOLSTAGG,VOLSTAGG
VORE,UNREVEALED
VORMUND,UNREVEALED
VOTAN,VOTAN
VOYAGER,UNREVEALED
VOYAGER,DAVIS (LAST UNREVEALED)
VULCAN,GABRIEL SUMMERS
VULCAN,UNREVEALED
VULTURE,ADRIAN TOOMES
VULTURE,BLACKIE DRAGO
WAL RUS,WAL RUS
WALKER,HE-WHO-WALKS-ACROSS-THE-WORLDS-OF-LIFE-AND-DEATH-LIKE-A-COLOSSUS (ENGLISH TRANSLATION OF REAL NAME)
WALLOP,WALTER DESTINE
WALLOW,MAX PRESSMAN
WALTER NEWELL,WALTER NEWELL
WANDA,WANDA
WANDERER,PRESTER JOHN
WAR,"ABRAHAM ""LINCOLN"" KIEROS"
WAR MACHINE,JAMES RHODES
WARD MEACHUM, 
WARLOCK,WARLOCK (ENGLISH APPROXIMATION OF HIS NAME IN HIS NATIVE LANGUAGE)
WARLORD KARGUL,KARGUL
WARPATH,JAMES PROUDSTAR
WARSTAR,B'NEE AND C'CIL
WARSTRIKE,UNREVEALED
WASHOUT,JOHN LOPEZ
WASP,JANET VAN DYNE
WASP,NADIA PYM
WASP,JANET PYM (NÉE VAN DYNE)
WAVE,PEARL PANGAN
WAYEP,UNREVEALED
WAYFINDER,DAL DAMOC
WEAPON X,JAMES HOWLETT
WEASEL,JACK HAMMER
WEBWING,UNREVEALED
WEREWOLF BY NIGHT,"JACOB RUSSOFF (GIVEN NAME), JACK RUSSELL (ADOPTED NAME)"
WEST WIND,UNREVEALED
WEST WIND,UNREVEALED
WHIPLASH,ANTON VANKO
WHIPLASH,MARK SCARLOTTI
WHIPLASH,UNREVEALED
WHIRLWIND,DAVID CANNON
WHITE LIGHT,WHITE LIGHT
WHITE NOISE,UNREVEALED
WHITE RAVEN,UNREVEALED
WHITE TIGER,ANGELA DEL TORO
WHITE TIGER,AVA AYALA
WHITE TIGER,HECTOR AYALA
WHITE TIGER,WHITE TIGER
WHITE WOLF,HUNTER
WHIZZER,STANLEY STEWART
WHIZZER,ROBERT L. FRANK (CLONE)
WHIZZER,ROBERT FRANK
WHYTEOUT,STUART ANTHONY WHYTE
WICCAN,WILLIAM “BILLY” KAPLAN
WICKED,UNREVEALED
WILD BLOOD,UNKNOWN
WILD CHILD,KYLE GIBNEY
WILD CHILD,KYLE GIBNEY
WILD THING,RINA LOGAN
WILDPRIDE,KYLLIAN KELL BODDICKER
WILDSTREAK,TAMIKA BOWDEN
WILL-O'-THE-WISP,JACKSON ARVAD
WILLIAM HOLLISTER,"WILLIAM ""BILL"" HOLLISTER"
WILLIAM STRYKER,WILLIAM STRYKER
WILLIE LINCOLN,WILLIE LINCOLN
WIND DANCER,SOFIA MANTEGA
WIND WARRIOR,PAMELA SHAW
WINDSHEAR,COLIN ASHWORTH HUME
WINTER SOLDIER,BUCKY BARNES
WISH-DEMON,UNREVEALED
WITCHFIRE,ANANYM (LAST NAME UNKNOWN)
WITHER,KEVIN FORD
WIZARD,WIZARD (LEGALLY CHANGED FROM BENTLEY WITTMAN)
WOLFSBANE,RAHNE SINCLAR
WOLFSBANE,RAHNE SINCLAIR
WOLVERINE,JAMES HOWLETT
WOLVERINE,JAMES HOWLETT / LOGAN
WOLVERINE,LAURA KINNEY
WOLVERINE,JAMES HOWLETT
WONDER MAN,SIMON WILLIAMS
WONDER MAN,SIMON WILLIAMS
WONDER MAN,SIMON WILLIAMS
WONG, 
WRAITH,BRIAN DEWOLF
WRAITH,ZAK-DEL
WRECKER,DIRK GARTHWAITE
WRENCH,KURT KLEMMER
WYATT WINGFOOT,WYATT WINGFOOT
WYRE,UNREVEALED
X THE MARVEL,WILLIE DANCE
X-MAN,NATE GREY
X-RAY,JAMES “JIMMY” DARNELL
X-TREME,ADAM NERAMANI
XAO,XAO (FIRST NAME UNREVEALED)
XEMNU,XEMNU
XENITH,XENITH
XIANG YAO,XIANG YAO
XIRDAL,XIRDAL
XORN,UNREVEALED
XORN,UNREVEALED
YANDROTH,YANDROTH
YANKEE CLIPPER,PATRICK CARNEY
YELLOW CLAW,PLAN TZU
YELLOWJACKET,CRITI NOLL
YELLOWJACKET,RITA DEMARA
YIDRAZIL,YIDRAZIL
YMIR,YMIR
YO-YO,ELENA RODRIGUEZ
YOGI DAKOR,DAKOR
YON-ROGG, 
YONDU, 
YSSA,YSSA
YUKI,UNREVEALED
YUKIO,YUKIO (FULL NAME UNREVEALED)
ZA'KEN,ZA'KEN
ZADKIEL,UNREVEALED; POSSIBLY ZADKIEL
ZAHGURIM,ZAHGURIM
ZAKAIUS,ZAKAIUS
ZALKOR,ZALKOR
ZAN PHILO,ZAN PHILO
ZZZXX,ZZZXX
